Date,AAA_CLO:JAAA,SENIOR_LOANS:BKLN,AGENCY_MBS:MBB,CMBS:CMBS,IG_MUNIS:MUB,HY_MUNIS:HYD
2007-03-16,,,0.0,,,
2007-03-23,,,0.0,,,
2007-03-30,,,0.0,,,
2007-04-06,,,0.4074454695350979,,,
2007-04-13,,,0.4089063816749141,,,
2007-04-20,,,0.4074454695350979,,,
2007-04-27,,,0.4069202784535139,,,
2007-05-04,,,1.1697904450746792,,,
2007-05-11,,,1.17083516001537,,,
2007-05-18,,,1.1817486104448272,,,
2007-05-25,,,1.17797085097028,,,
2007-06-01,,,1.9760592298022488,,,
2007-06-08,,,1.9864540289618613,,,
2007-06-15,,,1.9945274757760267,,,
2007-06-22,,,1.9920975582754847,,,
2007-06-29,,,1.985450087824409,,,
2007-07-06,,,2.685894620004357,,,
2007-07-13,,,2.680977693778809,,,
2007-07-20,,,2.664455003397558,,,
2007-07-27,,,2.658271225810696,,,
2007-08-03,,,3.395105608130437,,,
2007-08-10,,,3.402299397191916,,,
2007-08-17,,,3.390668884928491,,,
2007-08-24,,,3.3757416565542235,,,
2007-08-31,,,3.3599379454447478,,,
2007-09-07,,,4.006762921804608,,,
2007-09-14,,,4.019928263489047,,0.0,
2007-09-21,,,4.027152441077578,,0.0,
2007-09-28,,,4.021132539136431,,0.0,
2007-10-05,,,4.696210423643398,,0.0,
2007-10-12,,,4.692922616102617,,0.0,
2007-10-19,,,4.644154281459496,,0.0,
2007-10-26,,,4.635432707391001,,0.0,
2007-11-02,,,5.310038060647257,,0.9651821569807147,
2007-11-09,,,5.3290076026596624,,0.968553727991911,
2007-11-16,,,5.314246673617028,,0.9627880727261078,
2007-11-23,,,5.28340030941025,,0.9626927225977636,
2007-11-30,,,5.249830802513574,,0.9531434461160334,
2007-12-07,,,5.930717732012381,,1.449472245705251,
2007-12-14,,,5.933644762347495,,1.4464535684527988,
2007-12-21,,,5.91727290914498,,1.442021786579042,
2007-12-28,,,6.55273394341099,,1.8987612457634249,
2008-01-04,,,6.499687399678118,,1.883511908907113,
2008-01-11,,,6.46061343040384,,1.8838821173242215,
2008-01-18,,,6.456854819142034,,1.866512448843485,
2008-01-25,,,6.445613986491903,,1.8695957938366488,
2008-02-01,,,7.0468472148300085,,2.362651540274786,
2008-02-08,,,7.05984562606565,,2.3612690246694163,
2008-02-15,,,7.122758405347576,,2.3805184913527366,
2008-02-22,,,7.165568369557551,,2.408908770988041,
2008-02-29,,,7.055734166064786,,2.49392313042109,
2008-03-07,,,7.640446013010226,,2.886221934938134,
2008-03-14,,,7.543589282946119,,2.890848591197276,
2008-03-21,,,7.472180730582578,,2.874432545728182,
2008-03-28,,,7.496802157822183,,2.885643902030065,
2008-04-04,,,7.610496858311248,,3.3679250572451656,
2008-04-11,,,7.60828897625288,,3.30003823648702,
2008-04-18,,,7.678135948726267,,3.289040098863063,
2008-04-25,,,7.687899337965789,,3.327850806445898,
2008-05-02,,,7.578124988603895,,3.7697214926381535,
2008-05-09,,,7.54792678917721,,3.753344646085111,
2008-05-16,,,7.558212397885633,,3.738949314804976,
2008-05-23,,,7.558944928067341,,3.73270415011798,
2008-05-30,,,6.881570583732982,,3.7452112960606585,
2008-06-06,,,7.585031921006924,,4.178449037808267,
2008-06-13,,,7.712756057315544,,4.222723985267258,
2008-06-20,,,7.648359833669459,,4.286135345811539,
2008-06-27,,,7.600767865478879,,4.267080922883096,
2008-07-04,,,7.6736889793095955,,4.651079039866797,
2008-07-11,,,7.632655694936108,,4.622763531404969,
2008-07-18,,,7.746170223374237,,4.64175778986246,
2008-07-25,,,7.698979401988354,,4.657628357680805,
2008-08-01,,,7.632524591014117,,5.088630307644926,
2008-08-08,,,7.634046846275291,,5.074883769771227,
2008-08-15,,,7.621896216442188,,5.027095404174446,
2008-08-22,,,7.601464577123843,,5.025602155063968,
2008-08-29,,,7.544552593830271,,5.024107650997343,
2008-09-05,,,7.607409171924942,,5.360955968002383,
2008-09-12,,,7.517200308239602,,5.355143276319943,
2008-09-19,,,7.5362487559400355,,5.561934081747449,
2008-09-26,,,7.584280331219814,,5.532465668644999,
2008-10-03,,,7.674449825683928,,5.996907874878866,
2008-10-10,,,7.850122400138983,,6.614118190768789,
2008-10-17,,,7.751715391751246,,6.541355889333779,
2008-10-24,,,7.791705654408516,,6.099434635316206,
2008-10-31,,,7.196488919030296,,5.147864275482212,
2008-11-07,,,7.533847858951831,,5.636307191351344,
2008-11-14,,,7.557571338222051,,5.557776581821342,
2008-11-21,,,7.480288995454183,,5.631630722299724,
2008-11-28,,,7.404569881461256,,5.696082832482164,
2008-12-05,,,7.273682961638284,,5.7208174164538885,
2008-12-12,,,7.213970257963763,,5.74810074795476,
2008-12-19,,,7.1858420625298445,,5.560108954674975,
2008-12-26,,,6.575223967972313,,5.047632713161905,
2009-01-02,,,6.981351292699355,,5.610242983187968,
2009-01-09,,,6.903665796656703,,5.51109771830805,
2009-01-16,,,6.939652502505823,,5.540083518816597,
2009-01-23,,,6.977353812660391,,5.735915070491055,
2009-01-30,,,6.409657085783261,,5.116064087183706,
2009-02-06,,,6.86245345937965,,5.541732312105369,0.0
2009-02-13,,,6.820644349472035,,5.500675842252872,0.0
2009-02-20,,,6.834952559842927,,5.541732312105369,0.0
2009-02-27,,,6.832353277828053,,5.585075447754593,0.0
2009-03-06,,,6.790278012707788,,5.662048239672381,1.6851803043229503
2009-03-13,,,6.767035717455645,,5.677551833464445,1.6851803043229503
2009-03-20,,,6.719740441295481,,5.614345391946389,1.663940144117444
2009-03-27,,,6.7254578459791965,,5.6284584070166135,1.6463314959696007
2009-04-03,,,6.6343134475678855,,5.659300037345064,3.127796504259743
2009-04-10,,,6.60554014361157,,5.643431477607627,3.1398568494370656
2009-04-17,,,6.613647456540107,,5.525567867234601,3.1206018434971354
2009-04-24,,,6.616146488101444,,5.528279794731032,3.0734811088823464
2009-05-01,,,6.393093463342743,,5.569066044189086,4.549167333104198
2009-05-08,,,6.394906267188961,,5.58772473403347,4.493086733348183
2009-05-15,,,6.357524974263382,,5.559238120143963,4.409088840678036
2009-05-22,,,6.36773030198645,,5.528880109645254,4.289585788342014
2009-05-29,,,6.40220029530911,,5.589932668310374,4.257701789127066
2009-06-05,,,6.180118493231125,,5.692559898489138,5.613863687707311
2009-06-12,,,6.186638162753484,,5.775935087140105,5.696210411898254
2009-06-19,,,6.165941672057787,,5.763706942772486,5.814798479207941
2009-06-26,,,6.113361884963765,,5.735957779699779,5.783113892756076
2009-07-03,,,5.992603693554788,,5.779981231564315,7.104454716167642
2009-07-10,,,5.9501592916151775,,5.71956429884334,7.130291640509398
2009-07-17,,,5.977820315399185,,5.70592930700288,7.127703462014541
2009-07-24,,,5.971018107783477,,5.704231436816103,7.066036695971363
2009-07-31,,,5.307280380955985,,5.247962010028603,7.033074510113944
2009-08-07,,,5.838198774429252,,5.710026790542633,8.414039652604647
2009-08-14,,,5.775828278114792,,5.69876396417618,8.42313553121229
2009-08-21,,,5.784579224546802,,5.6724554638794205,8.294520319447205
2009-08-28,,,5.754075128658645,,5.626593408038645,8.144130968041187
2009-09-04,,,5.597621390457642,,5.692638237821026,9.287981567153787
2009-09-11,,,5.579731276491963,,5.653811444348387,9.137515526546698
2009-09-18,,,5.574494437384923,,5.614969231637462,8.947275907675241
2009-09-25,,,5.557278149421807,,5.58884461865509,8.697224452538075
2009-10-02,,,5.354419986654225,,5.630807539070161,9.682909152401413
2009-10-09,,,5.354921109874321,,5.705520937167121,10.00883882976185
2009-10-16,,,5.349407319532396,,5.722702690030927,10.154856849427675
2009-10-23,,,5.352412233849775,,5.7044179089165565,9.90204891482493
2009-10-30,,,5.3309558737627,,5.7338448998373215,9.95677594107851
2009-11-06,,,5.403769115372746,,5.748195613027869,11.186237516084748
2009-11-13,,,5.376128910608639,,5.747074997838664,11.293476524014126
2009-11-20,,,5.359682230138996,,5.729134229565972,11.259972987257736
2009-11-27,,,5.337413708256467,,5.706318532620467,11.293476524014126
2009-12-04,,,5.440317336149176,,5.669299355194188,12.285924213487595
2009-12-11,,,5.431205679564253,,5.669299355194188,12.25766096279378
2009-12-18,,,5.433733131209976,,5.670396349494086,12.249611435256268
2009-12-25,,,5.485316951866539,,5.674244652357074,12.22551529375861
2010-01-01,,,5.547579755453957,,5.52060968285222,13.480037640503554
2010-01-08,,,5.517905225380377,,5.507208174501129,13.391744664606712
2010-01-15,,,5.491107661711278,,5.491215598861378,13.339343988358792
2010-01-22,,,5.48035470094298,,5.495471362443723,13.261489016850586
2010-01-29,,,5.471176512300807,,5.499728750245348,13.270085519461214
2010-02-05,,,5.500744285480881,,5.481549158752591,14.285564434477063
2010-02-12,,,5.512544369870435,,5.4804879953917,14.392237376037428
2010-02-19,,,5.529043107702117,,5.481015440934545,14.410960135304496
2010-02-26,,,5.50792110589581,,5.462517614013895,14.32248771088503
2010-03-05,,,5.651190538698961,,5.455762016264512,14.04159899982244
2010-03-12,,,5.641181629439109,,5.446833322540524,14.01887840447208
2010-03-19,,,5.636464014428784,,5.445252623565996,14.03704149875808
2010-03-26,,,5.646968738351138,,5.471060561507912,14.096399247344896
2010-04-02,,,5.740906927134723,,5.469275667453913,14.01712784284818
2010-04-09,,,5.7328279995459965,,5.474052780570445,14.090681357824508
2010-04-16,,,5.707671508030376,,5.446549319421275,14.090681357824508
2010-04-23,,,5.716746953761506,,5.427139557877446,13.998858786777188
2010-04-30,,,5.339425411863258,,4.956183616244026,12.758380292972827
2010-05-07,,,5.749647380950358,,5.427108277012791,14.073169913959177
2010-05-14,,,5.7140157065705015,,5.413025216319451,13.92658204106134
2010-05-21,,,5.694007120705495,,5.387655803777518,13.967503113142213
2010-05-28,,,5.700310757993554,,5.379934591141803,13.84994046973854
2010-06-04,,,5.778830751654736,,5.387527079333859,13.78900851680864
2010-06-11,,,5.762368481128397,,5.398927697378658,13.757591445475212
2010-06-18,,,5.748112139032395,,5.407772516926918,13.771034280915902
2010-06-25,,,5.732343871169382,,5.405689445266139,13.686330795472484
2010-07-02,,,5.729375701623453,,5.424581971058042,13.487909243262248
2010-07-09,,,5.716799468141479,,5.41676642475628,13.536225637445328
2010-07-16,,,5.695438818178493,,5.390869193572343,13.496668109117351
2010-07-23,,,5.696478687989933,,5.3769882442140124,13.439937493834089
2010-07-30,,,5.679915027111168,,5.360115066369323,13.43125587345822
2010-08-06,,,5.622550249385645,,5.345791754561496,13.26173336389371
2010-08-13,,,5.631260643602606,,5.31197296522873,13.28757137892214
2010-08-20,,,5.655487793284153,,5.277086982140753,13.24456905472652
2010-08-27,,,5.654451697701939,,5.249511314558935,13.172089049544136
2010-09-03,,,5.486224666343928,,5.2733807752404935,13.079612372892324
2010-09-10,,,5.507378505319104,,5.281805236060905,13.113576393687218
2010-09-17,,,5.5053549340853625,,5.287764374444247,13.08385237600646
2010-09-24,,,5.512441015184098,,5.268936829835512,13.033223103674876
2010-10-01,,,5.405559128045005,,5.272633939168316,13.001908739043886
2010-10-08,,,5.37545012178529,,5.26867174880183,12.87234504478568
2010-10-15,,,5.378392830175626,,5.284558043179924,12.905540018813468
2010-10-22,,,5.357351356683139,,5.276107860605593,12.82700712406344
2010-10-29,,,5.365653770294356,,5.311081101624114,12.859947917606974
2010-11-05,,,5.123749796793272,,5.2954280013662585,12.751149711874255
2010-11-12,,,5.153733121801179,,5.420481447352093,13.22025555717556
2010-11-19,,,5.147146928862546,,5.47797930796628,13.404053464776776
2010-11-26,,,5.145265002960448,,5.45334034767477,13.309278838496509
2010-12-03,,,8.629754087346972,,5.478764774007478,13.41397852148249
2010-12-10,,,8.687101440091336,,5.61243633687276,13.908178015536096
2010-12-17,,,8.714395486204113,,5.569204291692453,13.60271158646242
2010-12-24,,,8.682152540047369,,5.616398084459377,13.682542414867612
2010-12-31,,,8.68306561076147,,5.610596056543583,15.306797896246843
2011-01-07,,,8.689648779827976,,5.608333456190134,15.301430789327949
2011-01-14,,,8.692120042499676,,5.780789765364309,15.979380415441986
2011-01-21,,,8.684705867146478,,5.658522390445468,15.76009279044725
2011-01-28,,,8.674027269521035,,5.590869466812007,15.480553553023675
2011-02-04,,,8.784523650841718,,5.615393438538168,15.295725901028211
2011-02-11,,,8.798016911492738,,5.487807164724742,15.301134160289545
2011-02-18,,,8.741773182752116,,5.520665445183567,15.274120871775784
2011-02-25,,,8.693665764458792,,5.494346390626828,15.071886194983476
2011-03-04,,0.0,8.623043831379269,,5.490577316118964,15.6282703909553
2011-03-11,,0.0,8.582994251142292,,5.494970156099067,15.701035733839058
2011-03-18,,0.0,8.557852675585846,,5.476335983636525,15.53411887020035
2011-03-25,,0.0,8.602562374478277,,5.499375575927155,15.50116389372598
2011-04-01,,0.0,8.57015371294999,,5.456494274176068,15.406695365078548
2011-04-08,,0.0,8.60372920615067,,5.464166713708792,15.477841485424134
2011-04-15,,0.6125719042272205,8.543327102646534,,5.418441583511144,15.390365745210056
2011-04-22,,0.6123298634867499,8.53280469224962,,5.390515829896375,15.325396427334397
2011-04-29,,0.6123298634867499,8.472596686972214,,5.338140420945513,15.25563176041741
2011-05-06,,0.6125719042272205,8.44283947621224,,5.286581073584126,15.072433503081914
2011-05-13,,1.2409086508910108,8.43332979973633,,5.232836339351684,14.915362056021792
2011-05-20,,1.2433754689345855,8.417524660178415,,5.245533023764364,14.85345457225965
2011-05-27,,1.2488349220633426,8.398641201188893,,5.219702270832964,14.802258844378036
2011-06-03,,1.2483361684575711,8.303840369093274,,5.190403883220248,14.758485603714272
2011-06-10,,1.255349364086226,8.306164227341032,,5.2170387089926855,14.657256483151288
2011-06-17,,1.9092175405929828,8.320932559444932,,5.2029337014676535,14.602169651483784
2011-06-24,,1.910763348453158,8.299188870055696,,5.186405373123374,14.552459427244791
2011-07-01,,1.896939934250525,8.320616137414858,,5.206802027927388,14.706175123380136
2011-07-08,,1.8954161009923456,8.287080718423548,,5.207816009924205,14.635623618136345
2011-07-15,,2.529391035857779,8.26770084122582,,5.159162373973922,14.585636182140576
2011-07-22,,2.529391035857779,8.260751853238556,,5.115813644742127,14.45726380287326
2011-07-29,,2.5427024493752013,8.236886772916385,,5.162649715782129,14.701117679803469
2011-08-05,,2.624520346694036,8.278577225700394,,5.050988131421658,14.545585802543284
2011-08-12,,2.698957534290562,8.17286278086339,,5.066436084386038,14.79332760684776
2011-08-19,,3.4422834869269456,8.192428823479041,,5.012785107079433,14.55056672216342
2011-08-26,,3.4966362861995504,8.219680240765609,,4.988731124502905,14.461566585053
2011-09-02,,3.408437085314183,8.20372360904017,,4.974652519667544,14.459184287466536
2011-09-09,,3.4157377316465327,8.204477367861998,,4.949339518028628,14.3807286307287
2011-09-16,,4.157909955109031,8.21355728660834,,4.956818176633437,14.375851873572984
2011-09-23,,4.184780786571034,8.20145161259494,,4.897655328205281,14.20728528632911
2011-09-30,,4.222988830571864,7.833421460126059,,4.503861548268761,13.05312990605657
2011-10-07,,4.252575455764235,8.24731031829321,,4.943585303434574,14.317093746409466
2011-10-14,,5.143070752532839,8.253454701216908,,4.94077391087269,14.278317410339245
2011-10-21,,5.090880423042591,8.248074417005432,,4.916565656294497,14.191803240747946
2011-10-28,,4.989607360658441,8.231233602172727,,4.926782108021283,14.182254801549046
2011-11-04,,5.010371495290649,8.277973478946077,,4.895845708978812,14.13470278364041
2011-11-11,,4.964916450522169,8.299529806207884,,4.891691878265299,14.106207808461132
2011-11-18,,5.875176054753435,8.288736372560665,,4.892613670765949,14.211304683467992
2011-11-25,,5.934569052760351,8.29798101631979,,4.878364312176054,14.1776852377727
2011-12-02,,5.919610081521412,4.855178238645024,,4.864418056934654,14.055281411933814
2011-12-09,,5.892375870865852,4.838093784896488,,4.821303514940882,13.946322823316082
2011-12-16,,6.923289277519229,4.837642635663038,,4.802038042363827,13.904137467237344
2011-12-23,,6.865229972808458,4.840779596220479,,4.773647113394963,13.866869606652909
2011-12-30,,6.876767041740764,4.723744422261447,,4.713088334201239,12.1849725697075
2012-01-06,,6.802484970558501,4.7224351339691575,,4.61461368429011,12.107769826060238
2012-01-13,,7.604268074998263,4.708931134920786,,4.609607692801002,11.881941939222518
2012-01-20,,7.591666187726618,4.721562835649838,,4.615866654550933,11.854781540634796
2012-01-27,,7.513851831521193,4.710669078335054,,4.527791401390473,11.751199267410506
2012-02-03,,7.467922352199189,4.6384566733324535,,4.494015899732998,11.635260518763117
2012-02-10,,7.470964063571406,4.635456010991683,,4.487229968424974,11.60510898571148
2012-02-17,,8.295816005982607,4.63503327144564,0.0,4.460687472507274,11.593839538479877
2012-02-24,,8.302612048365395,4.635456010991683,0.0,4.576242811824156,11.563906446180852
2012-03-02,,8.262031061274275,4.606570395464328,0.0,4.551093677053532,11.199825850998527
2012-03-09,,8.268757608470057,4.601452407279615,0.0,4.576869940856435,11.131484081462736
2012-03-16,,9.078389431861536,4.610417513746504,0.0,4.643029951452259,11.327926290239253
2012-03-23,,9.067277269708644,4.609560613419599,0.0,4.605476799640579,11.188985402921702
2012-03-30,,9.041455551526315,4.214878036631847,0.0,4.185035248250191,10.1063970427257
2012-04-06,,9.059879556435726,4.485734035419911,0.7126796094312167,4.5840173523410765,11.116428774121829
2012-04-13,,9.353617617149103,4.4625517372615375,0.7131058886511966,4.544446824111705,11.091568768872474
2012-04-20,,9.319186371697132,4.465024640697381,0.7105536780498806,4.505554501945164,11.00716593753577
2012-04-27,,9.273673783350622,4.4625517372615375,0.7070399541874014,4.490837654307935,10.944706742362508
2012-05-04,,9.1987981920029,4.283589660602917,1.0431930109800895,4.385114978208263,10.805743474459357
2012-05-11,,8.617928324019582,4.283589660602917,1.0452644662017114,4.396977787938808,10.76517838760878
2012-05-18,,9.617457951904193,4.279640391875988,1.0469283787314445,4.394203578798512,10.782043381159031
2012-05-25,,9.566046322948376,4.282799647155625,1.0483880288563978,4.399356945526202,10.745001015291315
2012-06-01,,9.795633760771242,4.137158942299435,1.5286860586992956,4.332685959737897,10.628617384832054
2012-06-08,,9.633386298491736,4.14519010775146,1.5210431680619527,4.357406981377509,10.585638313150474
2012-06-15,,9.76600311654128,4.139067152267096,1.5158890685175783,4.358195185530176,10.598827250127874
2012-06-22,,9.757928837093916,4.136392640492331,1.510469416414459,4.382015764631567,10.579059973816902
2012-06-29,,9.689893500928278,3.7188806434116186,1.5000426224314638,3.9809535272158025,9.669740502149851
2012-07-06,,9.666099830603882,3.951423382306916,1.9783282408939669,4.325843576931695,10.522914467906046
2012-07-13,,9.842714972195418,3.943073671717404,1.9901052504938592,4.301569543931257,10.406258183879608
2012-07-20,,9.806631507916688,3.935840511523349,1.9912913516704391,4.253829675356953,10.348881768569855
2012-07-27,,9.806631507916688,3.940176833373108,1.994060213547296,4.257640386790133,10.295275188985377
2012-08-03,,9.766849539768344,3.7037387208464487,2.3697065961293498,4.232964912053734,10.245569714601377
2012-08-10,,9.735251016500984,3.7037387208464487,2.363663512597163,4.234104278681018,10.2612934320864
2012-08-17,,9.790659028463354,3.71877015993367,2.363198130483967,4.252799503042297,10.236163176238538
2012-08-24,,9.755051152152507,3.706121539785264,2.3581111389986225,4.2417145370354365,10.186261773184969
2012-08-31,,9.747179738357351,3.3357607246062826,2.3544250175785213,3.8547245668672514,9.250567540761224
2012-09-07,,9.696287484681203,3.4905595864918744,2.406227709475921,4.198598782122265,10.100795724176418
2012-09-14,,9.66927109038895,3.485120450186565,2.389457321460399,4.221758619283868,10.156645204176122
2012-09-21,,9.64609658227952,3.4787407741377883,2.3756575668205304,4.19671302880744,10.079251420766775
2012-09-28,,9.680897256961137,3.48160625541168,2.374743297586159,4.168236333892343,10.03033874582475
2012-10-05,,9.66927109038895,3.281758838838968,2.434894473161957,4.130727197428213,10.006270028232736
2012-10-12,,8.757557397376084,3.2814579148320555,2.4438345936554846,4.128139760408339,9.96980295204021
2012-10-19,,9.547163653299997,3.2856842412924205,2.4537907705358344,4.134421016061868,9.948665442485858
2012-10-26,,9.574047436878349,3.286288982997666,2.455220477586803,4.123349931875951,9.933609888943243
2012-11-02,,9.585615052714678,2.938067974055393,2.447617371380029,3.758455888355112,9.90164633750992
2012-11-09,,9.581760136371246,2.947017884032261,2.445252973476284,3.723549874663432,9.832994526006768
2012-11-16,,9.6396320087445,2.9489235661333564,2.4466719812383744,3.726516252761464,9.7975416517931
2012-11-23,,9.5732860491234,2.9478347170190244,2.453314571463548,3.7120595656694935,9.779919826621851
2012-11-30,,9.565537982593336,2.5924872975207074,2.4424188742586104,3.326532144212927,8.9231739171348
2012-12-07,,9.496392488051816,3.017409956454623,2.7168100758162765,3.642816126123518,9.661084593666985
2012-12-14,,9.334385677399796,3.018248914232473,2.7231076738677547,3.71399876110733,10.111774737270853
2012-12-21,,9.315645847981422,3.016850910330472,2.7252097811969493,3.721707836599261,9.834657327651556
2012-12-28,,9.308174407785833,2.669847577434325,2.829592765613066,3.6992275332467086,9.893747550642654
2013-01-04,,9.259886018690215,2.66861274353176,2.8334150318584865,3.661100176462925,9.878694376891168
2013-01-11,,8.441708724744862,2.671574751190673,2.829592765613066,3.63341868648301,9.80408138536145
2013-01-18,,9.219208755584674,2.671330048216489,2.8301375444058925,3.627287246212732,9.733504724003398
2013-01-25,,9.208243269730408,2.676282125804565,2.8367010021344545,3.647043343353325,9.736425262654071
2013-02-01,,9.241216913229335,2.426514478022703,3.092659804125273,3.6017739597087983,9.78067244874692
2013-02-08,,9.285566318994766,2.4251606544179407,3.080748177827864,3.590846799020268,9.789514988959647
2013-02-15,,9.270485451384118,2.424485382415607,3.0890768794016306,3.610825939610953,9.777727011483869
2013-02-22,,9.24452398089897,2.4238104863597845,3.0998474276568726,3.605325347060686,9.765968490517269
2013-03-01,,9.251929982283109,2.163059113083127,3.332641714793173,3.5600865054103563,9.728579955641852
2013-03-08,,9.218714231977115,2.1741337484336656,3.344912513287169,3.609132156327104,9.850267621978436
2013-03-15,,9.14911405038821,2.16888527070733,3.335219167911046,3.626884630058427,9.775705462130931
2013-03-22,,9.141818320139226,2.1660683407694474,3.335219167911046,3.616673540199062,9.814327697639964
2013-03-29,,9.134527590544696,2.1638620012073213,3.3377971584907,3.614375874049121,9.820306906790243
2013-04-05,,9.123631451416475,2.218045195940592,2.903493585334206,3.5541298580567218,9.667115818584833
2013-04-12,,8.294279449466911,2.218660178361289,2.886213840655928,3.547097975128297,9.684684083639905
2013-04-19,,9.005553718057909,2.216610407635905,2.8873211452488103,3.5372377833220634,9.672968452325035
2013-04-26,,9.001972906791988,2.2147685902971785,2.8873211452488103,3.53026853160568,9.646695382641148
2013-05-03,,8.962726005205433,2.099322676563995,2.8265655226654323,3.508194234086712,9.641099218746389
2013-05-10,,8.930863598115,2.1067444437298626,2.815755443441588,3.53479638559636,9.617708446509146
2013-05-17,,8.839498174001271,2.108902697616196,2.8260225852880603,3.5296969623617427,9.562599218341914
2013-05-24,,8.864115326157654,2.11738201359491,2.82169004154005,3.537351459035372,9.5109711756911
2013-05-31,,8.88532101821911,1.8955467948337457,2.3910322682299565,3.278823847665662,8.776753204364738
2013-06-07,,8.928040834574723,1.976826414877814,2.6576865884014444,3.6012119319845506,9.849101063676624
2013-06-14,,8.855679953088002,1.968647238226415,2.63143377482181,3.617994102884476,10.017837908572384
2013-06-21,,8.9383773898108,2.009463371847464,2.654052142559113,3.795199044625904,10.79897735288366
2013-06-28,,8.89504000819487,1.9894129626475436,2.654052142559113,3.695839654414149,10.322397147824168
2013-07-05,,8.89504000819487,1.8544699084356184,2.442024180606784,3.727274612233741,10.684501445968497
2013-07-12,,8.046391775595103,1.841323328657676,2.4261970572405875,3.654134821339414,10.511258566718366
2013-07-19,,8.682824919420616,1.8299302920603289,2.424768073053677,3.6901667996565184,10.731423033230325
2013-07-26,,8.689790089940901,1.8313255742217045,2.416230145769753,3.7007926694141062,10.560176262109517
2013-08-02,,8.682824919420616,1.7412151664636992,2.2726213098551997,3.696494701346473,10.709614090411968
2013-08-09,,8.703749618747873,1.7369067201379609,2.264611060100856,3.705075438025132,10.792906010148757
2013-08-16,,8.7137308493157,1.7576467600063133,2.291080028412678,3.759979078473812,11.054602629784709
2013-08-23,,8.75261646751847,1.75679923173256,2.283388455804118,3.74490894918568,11.024052917099567
2013-08-30,,8.727827646894495,1.7509026116337283,2.2694981239767404,3.7596083098255058,11.281239859265506
2013-09-06,,8.7137308493157,1.709591835048914,2.450244721359081,3.769644351507366,11.436255903959722
2013-09-13,,8.631176220483873,1.6982395415958105,2.4372339660189057,3.743388388953935,11.391475968027812
2013-09-20,,8.603353730713522,1.6793288818651289,2.4167958493334045,3.675248462906176,10.981160777945306
2013-09-27,,8.638160916889253,1.669795317929894,2.418211651400901,3.6555315918403086,10.973628982871304
2013-10-04,,8.638160916889253,1.6463421004019392,2.589096787176525,3.651299994753128,11.070028299725507
2013-10-11,,8.64165688294584,1.6493082069036828,2.5870819349772924,3.675671068545043,11.230292188584146
2013-10-18,,8.461937963845982,1.6393594864506176,2.576557442910107,3.655161829903861,11.00872501530492
2013-10-25,,8.43802854889947,1.632282336437356,2.57257001296312,3.61310583822771,10.862086581432427
2013-11-01,,8.421049813203792,1.7966995592712125,2.825340138256073,3.97246403880148,11.06007543366339
2013-11-08,,8.417648663017008,1.80658751759148,2.823689955950737,3.991880479228022,11.07548276111011
2013-11-15,,8.273042489752008,1.7965303977701814,2.8171104782547807,3.978917128599,10.995061841705036
2013-11-22,,8.273042489752008,1.79941673401024,2.823139743792438,3.980056190343678,10.972291881028877
2013-11-29,,8.276373497092509,1.8009488154113802,2.822590325458642,3.977015692997105,10.9533985706383
2013-12-06,,8.269702379417264,1.5641651978669378,2.7430988496256785,4.030941315153766,11.062853697841817
2013-12-13,,8.160506246158164,1.563420468984279,2.742564193698241,4.0239764305613575,11.210869651518982
2013-12-20,,8.144071269728308,1.5629739095158763,2.7678446269738406,4.024748940812355,11.258449165339607
2013-12-27,,8.134229435529145,1.7460914025530998,2.764605073743824,4.0722191053324615,11.88115787790836
2014-01-03,,8.117899448969958,1.7440894939433091,2.752708859164443,4.053048014602517,11.739066966515086
2014-01-10,,8.095140564594901,1.7295426004694332,2.753786436163913,3.9996323023478935,11.540171486491758
2014-01-17,,7.918235531895856,1.7251282595717825,2.7446576374564584,3.980006517185197,11.456974999264874
2014-01-24,,7.921418002550457,1.7184676286366996,2.7446576374564584,3.9695214247106634,11.421689318066624
2014-01-31,,7.9245896116790195,1.5956901543186568,2.484882527695773,3.656969028557782,10.555002093125092
2014-02-07,,7.927778312324245,1.7896284343093871,2.767660887536834,3.99886056367242,11.452476400170086
2014-02-14,,7.797852738292434,1.7923229955722313,2.7606371303192674,4.001501278197785,11.43274674686095
2014-02-21,,7.800993914626904,1.7933355049957265,2.7520410981673016,3.995848742408088,11.335087527317258
2014-02-28,,7.785312192187758,1.6466604361132595,2.4982190206575665,3.627889473756672,10.409507538819428
2014-03-07,,7.788441075871261,1.8587871354990344,2.7792473350038747,3.999235876342033,11.412980637472218
2014-03-14,,7.694541168708313,1.8476228958684575,2.773807591662396,3.966346751960263,11.32028679729209
2014-03-21,,7.685237899879557,1.8589633148691096,2.7797924544505968,3.976380084540273,11.331793719169134
2014-03-28,,7.679044787408806,1.8556334822940952,2.766767480961167,3.966346751960263,11.324120964668465
2014-04-04,,7.679044787408806,1.7100240076269122,2.7587060195768154,3.9679344166479407,11.205360671816564
2014-04-11,,7.700757682220457,1.695957764804628,2.7533216988807365,3.937383545883745,11.148712855341778
2014-04-18,,7.592866154433782,1.7058443217438373,2.750100846407717,3.9472711838145593,11.167532594250034
2014-04-25,,7.595949764334982,1.6992941481749535,2.756551514408208,3.926094221536367,11.05925190740632
2014-05-02,,7.55609697271918,1.7817880911819777,2.7290463232006985,3.931109809143097,11.003276908278488
2014-05-09,,7.528752283631793,1.7781384549071972,2.727452866917566,3.9129851426891777,10.911853597259356
2014-05-16,,7.453728083890389,1.774999467605849,2.720039435368292,3.893956625357394,10.811257759667182
2014-05-23,,7.447714653914754,1.7710495886893731,2.714243239829381,3.895742340962176,10.758118398899654
2014-05-30,,7.435719972691333,1.7664633870851365,2.7110926264893034,3.890385744770784,10.754592457796289
2014-06-06,,7.411838401595931,1.86881032194048,2.7169873898773536,3.910367349540216,10.651261167183195
2014-06-13,,7.339898480971967,1.8696777796150688,2.725434726303105,3.922675702187727,10.682908995203489
2014-06-20,,7.345815332663793,1.8677689199409844,2.719095273161364,3.921224551061136,10.647760642066029
2014-06-27,,7.345815332663793,1.8596585808451265,2.721205603689657,3.8977736279805617,10.68643757865181
2014-07-04,,7.322219717932092,1.944679216957284,2.7463548764878847,3.903921714952289,10.862318727337216
2014-07-11,,7.339898480971967,1.9347821571416592,2.734668748354277,3.896342019478363,10.803180913576576
2014-07-18,,7.295709541091639,1.9417903531984904,2.731499936736653,3.8787642202903543,10.5729512014623
2014-07-25,,7.278040813351584,1.938907256878552,2.726758411643543,3.863117578567849,10.50647035436252
2014-08-01,,7.343240731313144,2.000461239466961,2.727269645233555,3.8458368206189713,10.385725840672237
2014-08-08,,7.337262661223217,1.997125472979475,2.723586590280615,3.841606240316527,10.33424598383902
2014-08-15,,7.274157755330787,1.989753039713819,2.726744175422522,3.83142617670488,10.306995845140868
2014-08-22,,7.235858181303921,1.995278349471866,2.7283255780964977,3.8279296483014855,10.279894861142967
2014-08-29,,7.224154164012789,1.987919331949104,2.730436604541244,3.811575830895987,10.199416249858816
2014-09-05,,7.253481441336253,2.036479200326394,2.7378953458680395,3.807994024289597,10.086139582192756
2014-09-12,,6.665533668947264,2.0476527996121026,2.741633864997514,3.823369962102139,10.14615521960726
2014-09-19,,7.294370341317176,2.0421451807967608,2.7427010744375737,3.810080757613541,10.026827520043334
2014-09-26,,7.357484693137821,2.0366665243899806,2.7325774117318296,3.804169256407041,10.003951852290951
2014-10-03,,7.333308498481584,2.0404227853975354,2.705620975264744,3.7695192436481193,9.858600190418947
2014-10-10,,7.348399574590967,2.031237845609921,2.694621989896331,3.7534416182636714,9.823426239271852
2014-10-17,,7.4297191007617185,2.0275136640198,2.685785391336021,3.743257358644473,9.858600190418947
2014-10-24,,7.365514103443331,2.0250993384832374,2.6894179915363146,3.76129344342795,9.798000649774448
2014-10-31,,7.341344201103357,1.8762239877769,2.466859370483661,3.428233212018874,8.989313713975754
2014-11-07,,7.338333406742914,2.014474203117393,2.6761059036111834,3.7232301985302954,9.658745297455791
2014-11-14,,7.300046708052883,2.01521261041196,2.6740330822957104,3.721532773486195,9.633717267855015
2014-11-21,,7.309055898535847,2.0106075190342065,2.674551656650475,3.722889634255208,9.646218244156508
2014-11-28,,7.297050105983548,2.005657231030016,2.6575595761688757,3.7103571484357056,9.596414319036702
2014-12-05,,7.360527340391931,1.981259052899449,2.6931933918167537,3.6757284482648416,9.460557969675875
2014-12-12,,6.828071361146069,1.9657561740221168,2.697376674328764,3.657059126446072,9.390644013991038
2014-12-19,,7.311499998660436,1.9696986884431005,2.6931933918167537,3.664371745886639,9.448322669574928
2014-12-26,,7.338985025887461,2.327672845234233,2.9035242430918577,3.588984063333528,8.05666467442147
2015-01-02,,7.323689361211387,2.322776595463196,2.8865993416723112,3.582788146690631,8.800141098377434
2015-01-09,,7.345120779885916,2.3119894285491225,2.8648925813316186,3.551489219616468,8.68217120053975
2015-01-16,,7.261542505737095,2.3136756516189,2.8511487614598803,3.53588336333279,8.679401398716562
2015-01-23,,7.22526333670853,2.306949357796896,2.8511487614598803,3.529870543433326,8.71276459146621
2015-01-30,,7.240335170535713,2.3031835943846124,2.831047681956399,3.5175878927284394,8.613434798429251
2015-02-06,,7.22526333670853,2.237074678675703,2.827095521925973,3.519597966781544,8.612542694358162
2015-02-13,,7.1369276088877305,2.233207230148906,2.834177071812227,3.546488315435602,8.693269412575821
2015-02-20,,7.095572783457794,2.240548271183397,2.839649212863651,3.542301239163359,8.64576631255546
2015-02-27,,7.086772429690479,2.2301624155091857,2.829269418024382,3.525645294325221,8.596031075359683
2015-03-06,,7.113236242201528,2.1715749548240604,2.862814762569459,3.538043315601351,8.610943950554345
2015-03-13,,7.0303786434434565,2.16523586327005,2.841834799605219,3.5074282653978286,8.51082526646922
2015-03-20,,7.045017951247192,2.155209880400428,2.824946015096287,3.4855182921609296,8.421065255674511
2015-03-27,,7.036228238841767,2.154036962131667,2.8276564670567725,3.4817360329665115,8.404946319116755
2015-04-03,,6.995486734989558,2.176175857364841,2.853385192662937,3.461371649897043,8.40898060549254
2015-04-10,,6.966675946980945,2.1749918078239823,2.852290995486013,3.4635720285649194,8.40898060549254
2015-04-17,,6.937983080290905,2.169479072128839,2.844114948811316,3.45917593405225,8.371413340236842
2015-04-24,,6.9207741840857855,2.1692826191622534,2.841398338432492,3.4667165746563304,8.371413340236842
2015-05-01,,6.906500263945365,2.2128108554809995,2.8702434813268267,3.459633474084986,8.435751736733232
2015-05-08,,6.9207741840857855,2.2128108554809995,2.86747363766508,3.466622009875945,8.435751736733232
2015-05-15,,6.868859432078287,2.2142210215941325,2.859743904958088,3.4723601322849933,8.463125109919064
2015-05-22,,6.863171522842889,2.21826298199632,2.868579233542526,3.4822898522846994,8.479629258091585
2015-05-29,,6.863171522842889,2.2130114900326934,2.866919461386753,3.469808390209206,8.449414888732454
2015-06-05,,6.906081821856458,2.2834916318594485,2.8868099385217416,3.46439335528387,8.54293226052431
2015-06-12,,6.325930862245226,2.2837017442756813,2.89356389927945,3.457982131223944,8.573847866899243
2015-06-19,,6.892549932584044,2.273654868846501,2.88008828959224,3.446503538981329,8.545729254635589
2015-06-26,,6.878108673850396,2.2919313794517,2.8980845096593946,3.456703555007634,8.582318353339982
2015-07-03,,6.886768465383643,2.3484560162392354,2.886999918123539,3.429483800678152,8.69897054471281
2015-07-10,,6.866599451178673,2.346072542911264,2.88418452004519,3.421259302926362,8.60929279535847
2015-07-17,,6.795478139892984,2.337453974268556,2.877449573831312,3.412757993362356,8.569393134717217
2015-07-24,,6.870152855204319,2.33316555223046,2.863519112056035,3.3999325231100204,8.541122107889896
2015-07-31,,6.861452169046352,2.1595165877741693,2.6286759669315884,3.09706535469043,7.810758394698503
2015-08-07,,6.89638926974782,2.3996637393542173,2.870558723418487,3.3717349681105557,8.513172651305489
2015-08-14,,6.873090022415063,2.397681994346318,2.8688894705940644,3.3704966058027668,8.499140858755993
2015-08-21,,6.905525344082808,2.390230121282969,2.860572804999724,3.360932325726513,8.499140858755993
2015-08-28,,6.893694168540011,2.391761033417793,2.8884857082020314,3.370805653878957,8.59262749254639
2015-09-04,,6.870154477201151,2.512081999602152,2.9342221039730503,3.332910493667414,8.49162273622725
2015-09-11,,6.867227731971686,2.512311163242996,2.919977749938367,3.343956004388126,8.502888642150207
2015-09-18,,6.845065603198673,2.503371879015175,2.9222490792464613,3.3344408953065257,8.427422816703585
2015-09-25,,6.868684122129507,2.510471309927976,2.923952371067489,3.329855700833277,8.372370972956938
2015-10-02,,6.907427248307253,2.6295278895168845,2.9692336583933705,3.285877191782115,8.357991451474502
2015-10-09,,6.874623773219142,2.636254315050449,2.9790595484620432,3.2960965107805142,8.357991451474502
2015-10-16,,6.807497570426693,2.6333670035822,2.953755434554031,3.291880641927575,8.338931097295694
2015-10-23,,6.807497570426693,2.632887781507534,2.9692336583933705,3.2900779823961326,8.303773110955287
2015-10-30,,6.831172986070285,2.63745711044268,2.985455382704203,3.284378207655373,8.287637611444906
2015-11-06,,6.846056621582397,2.773587743279137,3.0718335344446546,3.2852292220555865,8.339136241032797
2015-11-13,,6.895371661415989,2.769502980191367,3.062807723984644,3.2780050106264413,8.355528129912551
2015-11-20,,6.919724596830092,2.765433834202157,3.0568215372319045,3.2615712455531,8.284949364732267
2015-11-27,,6.910572861738857,2.764418608242713,3.0490742080566635,3.253857330795947,8.287641104942939
2015-12-04,,6.877218660025185,3.541694308821885,3.1224289086576693,3.231201820770241,8.3073896769984
2015-12-11,,7.031482102927153,3.5299284288987565,3.11447023280752,3.215102678337958,8.339894181008942
2015-12-18,,7.096896934412647,3.5315607000002607,3.127347114979929,3.210157954668346,8.339894181008942
2015-12-25,,7.036589066901108,3.4972054512737785,3.050040866633167,3.212003756295742,8.277805137818275
2016-01-01,,7.024027267005895,3.495257564092024,3.049438916764252,3.202721061839649,8.145618358743887
2016-01-08,,7.052360179041164,3.472365144721576,3.0214059758940435,3.185743975088953,8.085394534007103
2016-01-15,,7.178094194961665,3.461191534741025,2.9973722167207306,3.1843137584491936,8.085394534007103
2016-01-22,,7.132806410206428,3.4627847289977414,3.025547661267984,3.185743975088953,8.087995383806925
2016-01-29,,7.136022180176467,3.4469292467638737,3.009048381158089,3.178318512386208,8.085394534007103
2016-02-05,,7.171587450467966,3.5647526287513456,3.0212759683845336,3.1476800184590523,7.982717627645486
2016-02-12,,7.30696781516896,3.562468277629459,2.9945555399636543,3.141489405832438,8.011019975223775
2016-02-19,,7.293592146972112,3.558886772782816,3.0171787264377707,3.146552862667714,7.967366492079352
2016-02-26,,7.220885696021127,3.558233343712594,3.010181512888813,3.155594430854299,7.990417046949533
2016-03-04,,7.114505432303774,3.4491821376874365,2.773740393995792,3.124119442034905,7.921935180109401
2016-03-11,,6.495301021133199,3.456151104932756,2.78023210895804,3.121862219346111,7.909167137167299
2016-03-18,,7.084260749713344,3.44760205549499,2.757645783251072,3.1139921904183625,7.863536330167779
2016-03-25,,7.150347827922474,3.4520296214778305,2.7911158537239387,3.113711210047179,7.8685808499578656
2016-04-01,,7.090504354627915,3.476864158833308,2.4797852441753707,3.036958168127045,7.762557173070553
2016-04-08,,7.106154799927579,3.4724142668798725,2.4707606967642284,3.015840312106936,7.727721689629623
2016-04-15,,7.175915049904886,3.4724142668798725,2.4750273431626955,3.0134213688895644,7.66873488717104
2016-04-22,,7.097885230613171,3.47973165033324,2.480738540772034,3.019069614388449,7.66142014486387
2016-04-29,,7.067143646656825,3.2574855409865835,2.2352391655220574,2.748623937237261,6.986086009124644
2016-05-06,,7.079406496201648,3.4650459995399867,2.46240428993814,2.966122134997842,7.573963616255081
2016-05-13,,7.243668621127062,3.4625151195967736,2.453050101033009,2.954815133408827,7.540588310385994
2016-05-20,,7.227895253061829,3.4717065227365174,2.466638348799405,2.9642751812758124,7.521648867066953
2016-05-27,,7.202810536907152,3.471387989636227,2.474198007419554,2.969294360200576,7.514575191703978
2016-06-03,,7.187221872131159,3.4736712730504493,2.494051741939966,2.932355779461812,7.4588746511681085
2016-06-10,,7.196566664374323,3.470499800962088,2.490729180713442,2.9175621325901164,7.442481107015507
2016-06-17,,7.391577100767388,3.468600262925888,2.4709752066303228,2.904450406344188,7.4238337502289475
2016-06-24,,7.391577100767388,3.465124900748577,2.4812833298570105,2.897810277998514,7.3753265711897775
2016-07-01,,7.346511899625491,3.468043141123778,2.4805751106927207,2.8668134742677265,7.235564094867346
2016-07-08,,7.3051452707794065,3.4623758304713927,2.4754554825196435,2.863040718151129,7.199787287301901
2016-07-15,,7.445443698136672,3.470885172995968,2.4927619921773925,2.877430577933253,7.224348925615816
2016-07-22,,7.400494541892859,3.4727822404837454,2.4918207785293687,2.8802242440758143,7.217631004079228
2016-07-29,,7.39730143508517,3.4623758304713927,2.4680459216458384,2.871100052216796,7.204239589223086
2016-08-05,,7.40368433391865,3.4460655973446324,2.507562929917806,2.848450581504185,7.082310304928065
2016-08-12,,6.824036383227614,3.442614529504784,2.5089784275074285,2.8399165359925806,7.058207746005869
2016-08-19,,7.521703204626197,3.4435560060689165,2.4986276686118174,2.838416130743651,7.077919482953544
2016-08-26,,7.515216258641745,3.444497063565568,2.5023800010997834,2.838165375130491,7.060389237894031
2016-09-02,,7.499035771772424,3.3964822105194923,2.4912722532078826,2.823327734105004,6.969962333570666
2016-09-09,,7.50226822986099,3.396788291639879,2.495028659402993,2.829576657447696,6.965635937330165
2016-09-16,,7.6349516652208305,3.392770388889565,2.4908025639857936,2.838119825280181,6.963474752696083
2016-09-23,,7.618486472411123,3.3872219606461766,2.492209359299698,2.836104504072852,6.963474752696083
2016-09-30,,7.608639031377967,3.112562758882924,2.2423586907963484,2.574366946501362,6.332743657492055
2016-10-07,,7.605360318960414,3.3041561915876474,2.5036785252466567,2.817466765586233,6.933250468651307
2016-10-14,,7.6256750319005135,3.309282991553085,2.503201796528855,2.831883709417811,7.0256087858402
2016-10-21,,7.605956620335359,3.3029525086238083,2.504633950652414,2.828076630144193,6.981322577953784
2016-10-28,,7.605956620335359,3.309584536085826,2.5146952968843648,2.8326466482731734,7.00782677343847
2016-11-04,,7.678772812402778,3.2568578045302825,2.484375940103707,2.794939439587857,6.9610839335945975
2016-11-11,,7.087849798190835,3.2932332939048856,2.5301249188284767,2.842107995148052,7.28243454348182
2016-11-18,,7.560890291022932,3.3171134638830244,2.5474066291545943,2.873830107190761,7.373036912218763
2016-11-25,,7.554334276892188,3.331049865011176,2.542444673944974,2.890627118330944,7.471007531864114
2016-12-02,,7.505533812838816,2.930076855611595,2.5395809261336564,2.892046413962699,7.544962370965931
2016-12-09,,7.473352110625052,2.933647849339354,2.5455599136461062,2.8617605805267488,7.464998853844129
2016-12-16,,7.436345700935404,2.961126630034,2.5702682719469805,2.87776200505566,7.475221661429783
2016-12-23,,7.423592431745328,3.1007863304846213,2.528376815116326,2.7754170775745397,7.459897928106959
2016-12-30,,7.414059358136174,3.0809578631051755,2.509558599686746,2.7664381200180808,7.400315075432637
2017-01-06,,7.395066474651364,3.0780643302465496,2.508577597371716,2.76209662534115,7.372992202657488
2017-01-13,,7.294445128517485,3.0754632101881967,2.4983053738340946,2.741601662712032,7.282540838122949
2017-01-20,,7.303823504057552,3.0847305004049854,2.499280043465,2.7626070255437964,7.31650652643404
2017-01-27,,7.306958391520184,3.0826986978957387,2.5012314247011016,2.763117370997897,7.31650652643404
2017-02-03,,7.322657179152703,3.082128980490744,2.49247070902038,2.7396544153930957,7.303117290941254
2017-02-10,,6.729943813675332,3.0711383466830284,2.4817845654111035,2.7335913696434684,7.288529143096569
2017-02-17,,7.1928879553589535,3.0722919932955404,2.486144759395165,2.737377804584239,7.235539643236276
2017-02-24,,7.1743831404019325,3.057082657549058,2.4759959745335065,2.723295374966199,7.20221546389682
2017-03-03,,7.143748376016376,3.3417237976500416,2.757831763685592,2.763195988936648,7.187395621855281
2017-03-10,,7.195980737843584,3.355990020112141,2.762716912558858,2.7714028390818246,7.240174422716963
2017-03-17,,7.029882818082187,3.3398308551803995,2.748654977692264,2.761918042008673,7.158930425847173
2017-03-24,,7.045028638051278,3.3253878111693798,2.739536166802293,2.744906992978278,7.123663540447252
2017-03-31,,7.026852615838204,3.081219389213794,2.740605718060125,2.532532447135117,6.492589067114478
2017-04-07,,7.017809717992851,3.3507274488122345,3.0048006819410342,2.7607535729308896,7.064387735743362
2017-04-14,,6.842811135022915,3.328513516388618,2.99192738349444,2.7476607062164904,7.023058777684119
2017-04-21,,6.833983493012805,3.3275789379917224,2.9780090277904083,2.7446561439169246,7.0071207415661085
2017-04-28,,6.828116602684606,3.33162418411022,2.9866921744750905,2.755452328054415,7.048256177717066
2017-05-05,,6.842811135022915,3.3944438047738217,3.01307802874508,2.767875378620971,7.000789748428897
2017-05-12,,6.164936556558673,3.3896788081181053,3.003712188123364,2.760041917808006,6.966644099092776
2017-05-19,,6.60567813819921,3.3767175228383377,2.992084107977535,2.7440058185148297,6.926097731271294
2017-05-26,,6.582993601211383,3.3732545535687617,3.0025448000179,2.7365524731584787,6.923859970559756
2017-06-02,,6.580169849877315,3.417967501962097,2.976675514903022,2.724938462864021,6.867192434302076
2017-06-09,,6.60567813819921,3.424026933724458,2.983588859738686,2.727893904858367,6.884914784878259
2017-06-16,,6.386032869749675,3.4195598138960426,2.977250965678527,2.726662545376447,6.8760401802465605
2017-06-23,,6.410958349632271,3.422427984394848,2.968649770047639,2.7239559770084947,6.871616470262891
2017-06-30,,6.388791947741257,3.21253618337292,2.739757604924659,2.5025769312224524,6.376574393271901
2017-07-07,,6.391551720661391,3.4694742330416624,3.016416764503973,2.74247085428141,6.9551978732126045
2017-07-14,,6.130920740178243,3.452584705350266,2.995923763094849,2.7297976194830604,6.910296231880675
2017-07-21,,6.109817724265925,3.4435601431459752,2.983185923962865,2.715769818560395,6.903607821643821
2017-07-28,,6.096703800077117,3.444845809642852,2.9843390988239,2.71846707622364,6.937165749683053
2017-08-04,,6.115082156094083,3.484611979691437,2.9777031727502186,2.715309587850137,6.8769188216136135
2017-08-11,,6.130920740178243,3.478111963434158,2.974828400435932,2.7060364669188446,6.868045487162721
2017-08-18,,5.941264977551565,3.475842417024816,2.9708116361188366,2.709201013791257,6.832780618675276
2017-08-25,,5.918158409546988,3.471959228961248,2.960533519523776,2.704820526872867,6.793537623891903
2017-09-01,,5.923276185205284,3.505208533607381,2.990946424469867,2.6927150149559096,6.774968205401702
2017-09-08,,5.930972981194891,3.496087635867436,2.982342006568291,2.682587327943873,6.764178165151368
2017-09-15,,5.247512429500839,3.5042273560021773,3.003078333025809,2.692956827903399,6.790136903220101
2017-09-22,,5.72523143757232,3.5094592977438563,3.0118010101375376,2.6939254248208644,6.7814618807518645
2017-09-29,,5.702987566173615,3.5127334878339744,3.0164779526834207,2.701702561856346,6.7814618807518645
2017-10-06,,5.695608572656856,3.5703449060833656,3.045522869489244,2.7051916679544843,6.834184875452936
2017-10-13,,5.12452103407103,3.556364649434294,3.0266686016091686,2.69690803363244,6.814529275184775
2017-10-20,,5.122316555678276,3.5723506034318797,3.043744734356703,2.695694430197319,6.825435217291297
2017-10-27,,5.601677364841809,3.574695635961171,3.04315324986263,2.706170005114994,6.860567649511366
2017-11-03,,5.613805323936404,3.611146172302963,3.0474173337745825,2.704798544779094,6.845743742977324
2017-11-10,,5.628433546555842,3.62504670484306,3.0610517065396485,2.704798544779094,6.832556239903369
2017-11-17,,5.13767021167533,3.618592125965829,3.0527379582026803,2.706753865718604,6.799802246929858
2017-11-24,,5.560562486218837,3.615540365762816,3.0610517065396485,2.719286177369802,6.828167565962732
2017-12-01,,5.553323465222494,3.4042097782598284,3.0825307837830147,2.7208928016374907,6.736335529912207
2017-12-08,,5.550915370467508,3.400055854961246,3.0837310694124764,2.7105544339981096,6.755809993680783
2017-12-15,,5.004847073595581,3.395911141892278,3.074134944227718,2.705660682322838,6.706259585711304
2017-12-22,,5.53527725306848,2.8037537003717503,3.1728786415547585,2.7792354545893097,6.749303655573103
2017-12-29,,5.523261752202152,2.795337560933524,3.162359496840609,2.760914187149633,6.641525872370034
2018-01-05,,5.508913118803851,2.798750831210504,3.1722585651402824,2.7674124301416585,6.611857122448107
2018-01-12,,5.029480112911101,2.8066599211892664,3.175986862078548,2.778226154886894,6.633020520704812
2018-01-19,,5.014291496008196,2.8215426642932004,3.192873830644495,2.7784774102074827,6.641525872370033
2018-01-26,,5.442475688152195,2.821810675843539,3.185347868228251,2.7858193835320804,6.620307627707281
2018-02-02,,5.435449736336669,2.9058955522930785,3.224355175704627,2.8033062019208863,6.682921412490448
2018-02-09,,5.480270812990865,2.9123002892328094,3.2167049691804275,2.8051130027080333,6.656969395846231
2018-02-16,,4.995085741151714,2.913137528054395,3.227554153859017,2.804854333653509,6.6785839454518365
2018-02-23,,5.455970157540032,2.913137528054395,3.2288358314468706,2.8051130027080333,6.659125946792028
2018-03-02,,5.458329262928275,2.9584900627284005,3.2436389149450533,2.79677090519294,6.698671547659678
2018-03-09,,5.441852982213112,2.960764522245562,3.261126868499678,2.798061175847412,6.70522875048569
2018-03-16,,5.007311664697348,2.954799685015482,3.2572234097646944,2.7934189892912067,6.668237746817224
2018-03-23,,5.529022835279784,2.9519668389614786,3.252034865078409,2.7916188337756584,6.650966067145146
2018-03-30,,5.512293159495523,2.942657320229078,3.242994653955818,2.7826494236530253,6.629502978184363
2018-04-06,,5.519450404381612,2.9759821800826267,3.2579189356774165,2.787314199036208,6.601565422499352
2018-04-13,,5.069355685247403,2.9799771733448166,3.2657180961843437,2.789113812866226,6.590948297132239
2018-04-20,,5.071545392287059,2.99347569395948,3.299949946021828,2.796848589990152,6.601565422499352
2018-04-27,,5.542222570596054,2.9920330722502806,3.2919847213195137,2.803588069319749,6.599437154121683
2018-05-04,,5.551820982936322,3.017521145326058,3.296717035315229,2.7837943850918934,6.596624364346639
2018-05-11,,5.547017446501499,3.0189772427860784,3.3033651931386285,2.776613102330149,6.567078477606647
2018-05-18,,5.125131616427446,3.0318525349724874,3.306698699421547,2.782765330695151,6.594502930715114
2018-05-25,,5.629862233906258,3.010550064586268,3.276936852198433,2.768449576360685,6.539882995965589
2018-06-01,,5.63230679814877,3.02424589448535,3.291812794128965,2.78227486747738,6.508939019275831
2018-06-08,,5.615211205423988,3.0341814672347907,3.301732474120162,2.778950656200593,6.504777786412941
2018-06-15,,5.187051336451158,3.0271611656984576,3.303723778584543,2.7797164775900343,6.49647786534673
2018-06-22,,5.728059421885527,3.025411715180335,3.294451936531031,2.7769088786776663,6.486134048637273
2018-06-29,,5.743067060488327,3.014084324306644,3.280643217396501,2.7735974697767216,6.471707086096957
2018-07-06,,5.7081725277147655,3.0367435772459057,3.304171489387284,2.791962046879575,6.430228729530139
2018-07-13,,5.27888575712282,3.034993378929238,3.296908525410939,2.785319391426486,6.413878021803349
2018-07-20,,5.26973556343618,3.0387859594058626,3.296908525410939,2.7860837226634243,6.4098025943857415
2018-07-27,,5.805413151186976,3.047867444425871,3.309474494212703,2.7922201190833995,6.403699741616606
2018-08-03,,5.800367948032237,3.0431367814798382,3.3204170128716783,2.819624689109728,6.497719133780171
2018-08-10,,5.790308228856163,3.0334826795618586,3.3025093769859266,2.816514948651573,6.479094614459871
2018-08-17,,5.322562698829539,3.030567845776475,3.3018511496412537,2.813414434761015,6.470852001362124
2018-08-24,,5.851068963573375,3.023886632983607,3.2906798474188768,2.812125081805434,6.452385673324676
2018-08-31,,5.8434561839988834,2.782537416359069,3.0244001711283994,2.589148590414647,5.931029084449664
2018-09-07,,5.840923361657469,3.064673106893669,3.335205610412871,2.8547466125672565,6.482824767547929
2018-09-14,,5.823254898423657,3.07000796958374,3.3419070200957024,2.858974464385396,6.505661646337544
2018-09-21,,5.347429527172661,3.078939023612908,3.3540373477366576,2.864806421046745,6.526557868815554
2018-09-28,,5.855311596544531,3.07297782667403,3.3405642669241185,2.8621526069735106,6.526557868815554
2018-10-05,,5.850261834508413,3.126451995759969,3.3875988495388034,2.909378848741982,6.540526877853379
2018-10-12,,5.870517770416542,3.116075640350401,3.386913194953116,2.915366185657354,6.607288533797903
2018-10-19,,5.862905008507982,3.1236978769659274,3.403437713363839,2.9129150799978976,6.596429410096167
2018-10-26,,5.947054326901738,3.107277364456915,3.382123955368624,2.9034160540143743,6.568361043460634
2018-11-02,,5.9341484202284,3.176109786306838,3.4261983064665014,2.9659890627946446,6.654814701667196
2018-11-09,,5.92900314840097,3.1720579832922997,3.4178340312179625,2.957663361864896,6.655914650964756
2018-11-16,,5.970425994591041,3.146434616375175,3.401915446166436,2.944992743266532,6.664729863948551
2018-11-23,,6.164143037292745,3.149192278826223,3.4046720338721643,2.9389701164147173,6.639449135102398
2018-11-30,,6.158700945648537,2.854792472657103,3.1091469076310867,2.688128192711252,6.076208886091755
2018-12-07,,6.210777259991731,3.1542344499158403,3.3741820933741464,2.9224803427991843,6.560273549717584
2018-12-14,,6.238539338077684,3.156972917856276,3.378940006191949,2.9289519437893867,6.563499477907311
2018-12-21,,5.828909248391692,3.2388550567216736,3.344524778275492,2.939370621134375,6.5122383391709
2018-12-28,,6.799980841969071,3.227690980270262,3.327188703720522,2.932893838734304,6.557572561960081
2019-01-04,,6.638653099836563,3.213229168769232,3.309374598514505,2.9304716336477825,19.314120073337165
2019-01-11,,6.588518561912854,3.21691085119361,3.3159505756338707,2.933164063762772,19.216321394856173
2019-01-18,,6.576830915661212,3.2218287879426835,3.3285164876602438,2.93208835897707,19.2383166978365
2019-01-25,,6.7592159867137696,3.21936894523352,3.313316680876953,2.9318175977409915,19.21317989715155
2019-02-01,,6.750182766258055,3.25460656939412,3.324986787689576,2.957780563692393,19.131997208290997
2019-02-08,,6.7172872757498405,3.2474902698954105,3.310559906547,2.946435412596176,19.048040226938063
2019-02-15,,6.684706624329033,3.2502718750788486,3.306648667937274,2.943211023467999,19.057329411326947
2019-02-22,,6.797659989221325,3.245020865368544,3.2962573759818903,2.937048929326162,19.029488998870228
2019-03-01,,6.782760465732698,3.297340068400345,3.3386513633236787,2.972337744999683,18.982709023978423
2019-03-08,,6.809628703167409,3.278218904691647,3.317636664509613,2.959642917059812,18.856900582262185
2019-03-15,,6.788711665292095,3.2676592532542745,3.3130764439697256,2.956420434590655,18.80824964386479
2019-03-22,,6.925584129497207,3.2473514120406515,3.2770294871883268,2.934313084971397,18.639944882966617
2019-03-29,,6.867462544373544,3.2424665552116614,3.2649771929819806,2.929299678113974,18.58352259444163
2019-04-05,,6.813289288799138,3.267723562785386,3.300774310964844,2.963875472139552,18.58075658964656
2019-04-12,,6.786529065982924,3.2729775110176265,3.306570149273534,2.965750580212049,18.562925958488787
2019-04-19,,6.771748669568884,3.273288070527905,3.309152448651441,2.960400515321016,18.551051906338845
2019-04-26,,6.879766609250212,3.263101379173376,3.289244267984332,2.943938588374932,18.459579651713884
2019-05-03,,6.8528575796050415,3.271474423710668,3.3161049162918967,2.967168969528859,18.408528543773656
2019-05-10,,6.888783166785554,3.264996615136788,3.3077313100257277,2.955766697140091,18.358784344010235
2019-05-17,,6.88277163174046,3.2582387405916817,3.2847654975912173,2.9415696469691657,18.23415519692439
2019-05-24,,7.048216132719554,3.2508970409344062,3.271516547578473,2.939737120060096,18.208281557665728
2019-05-31,,7.073123095599926,2.9556011221929865,2.987088664685128,2.6996329783216555,17.709338414434523
2019-06-07,,7.05753609908623,3.2384317341731057,3.272281796330757,2.944519775813505,18.18876897522266
2019-06-14,,7.042020269543317,3.2417583506244045,3.2710351766817185,2.947129510611683,18.148642238986927
2019-06-21,,6.522596148276026,3.2336042306892234,3.2604765613907656,2.945301459002992,18.108693583894
2019-06-28,,7.166076626840305,3.226091970086662,3.245688024453496,2.939049997783155,18.060438387381677
2019-07-05,,7.150300431121488,3.259133100197742,3.253413509238597,2.932823489471425,18.076912387318064
2019-07-12,,7.13772719743605,3.2618655798498914,3.267012785393265,2.92299105254717,18.04569305856765
2019-07-19,,7.115832191330342,3.2506602981168373,3.254028968476326,2.919897308587252,18.01457294515541
2019-07-26,,7.216712292451488,3.251868079516213,3.2577286179900637,2.9173252256066573,17.983557180311518
2019-08-02,,7.2325931513782,3.298260421142226,3.246977636723395,2.8994842349852994,17.92360017756181
2019-08-09,,7.254947899645336,3.2939826822993385,3.222732563574061,2.8822736630039096,17.828602102194495
2019-08-16,,7.277437661539323,3.2878902426198917,3.2101494684984773,2.864026065420161,17.701665459100344
2019-08-23,,7.362588694403571,3.282121527615341,3.2113424550990475,2.867755946637698,17.652486556331304
2019-08-30,,7.346301790994277,3.276677401343852,3.203595760265407,2.8665123175743474,17.622569917809734
2019-09-06,,7.330093089421057,3.3169883137678706,3.2051869106265,2.865551004719724,17.7034634590432
2019-09-13,,7.288284094171892,3.333003551119908,3.251129339998608,2.899926695701599,17.917529997668392
2019-09-20,,7.307519893630371,3.3219003972237573,3.233442602843437,2.8841542455522244,17.722716167725334
2019-09-27,,7.419378517796847,3.3157629818617944,3.2304137024035127,2.8813742953317,17.717205102300113
2019-10-04,,7.435851793340663,3.34598659930814,3.190340488145364,2.8576198218709066,17.63607015881735
2019-10-11,,7.479026923726787,3.3577597487745483,3.234742402549209,2.8653861705289616,17.655236921007223
2019-10-18,,7.442465455915253,3.357138685603918,3.2341337248074704,2.867145990702203,17.715735041876922
2019-10-25,,7.470398555220771,3.3577597487745483,3.225642618210144,2.872184821034814,17.74890946925803
2019-11-01,,7.4903557694465235,3.35153176942802,3.2110097894249865,2.8381939373704235,17.610703398096156
2019-11-08,,7.45715287506802,3.3611693318718374,3.245698520988225,2.857253418790899,17.668582729655842
2019-11-15,,7.443949990295246,3.353082347569568,3.223704734676526,2.847190751116664,17.629958382109287
2019-11-22,,7.484359973355256,3.3521534083373337,3.212815096399882,2.8396905300495123,17.580541146996847
2019-11-29,,7.474363390721139,3.3509117705030484,3.2182498719351664,2.835456751791702,17.53139750088178
2019-12-06,,7.3985978129402525,3.326801227191991,3.259681015500194,2.824700050881332,17.52153095491991
2019-12-13,,7.379085238074684,3.320646730461315,3.2627596541376245,2.818266331368492,17.486090701798833
2019-12-20,,7.34036458662225,3.291785882754534,3.2857346532895813,2.8189814551799697,17.46163757959454
2019-12-27,,6.9913804316151085,3.2872193309042856,3.27020728698653,2.814035620176301,17.00244082772082
2020-01-03,,6.966920489257977,3.2832737593472348,3.2634202028543418,2.803213983569393,5.200073425418768
2020-01-10,,6.966920489257977,3.279941997949039,3.2517652306842377,2.7949084901721752,5.16709202866792
2020-01-17,,6.9699692448149175,3.278731874876443,3.252376251300958,2.791017396533395,5.1543339476304615
2020-01-24,,6.936748649746587,3.272393486864052,3.230513290470068,2.7789271240438054,5.132158540601107
2020-01-31,,6.970492931648025,2.9490315290541287,2.9252730680569616,2.534634691378064,4.678350667578257
2020-02-07,,6.976664862193482,3.22401386234447,3.225416610909801,2.752976133469868,5.072551686632109
2020-02-14,,6.958185547206607,3.221939557745156,3.2146323361015234,2.7486927230958296,5.062457599342032
2020-02-21,,6.352186820874187,3.2157344964735546,3.200365612888662,2.7330961131720883,5.032420901184013
2020-02-28,,7.044431378048574,2.893485005204819,2.913369000055944,2.4783526576721235,4.650558465635038
2020-03-06,,7.044431378048574,3.125889508886164,3.1041681864027773,2.697921202282694,5.07757170537302
2020-03-13,,7.51247123087047,3.167336427976454,3.2634619805439278,2.825909413825609,6.16731909926923
2020-03-20,,8.008002443848401,3.1887713658309123,3.2579091365778745,3.080324217080495,7.0959312016048255
2020-03-27,,7.756547401947145,3.1244689669247565,3.320683742127738,2.776363320525697,5.996906077348066
2020-04-03,,7.827743582795341,3.075295198656359,3.218435864528118,2.8523475316949702,6.198945382695977
2020-04-10,,7.146283302486184,3.0647164863337264,3.262340671238192,2.7719116378499704,5.808454887827037
2020-04-17,,7.156273138898768,3.07473689535123,3.2016793012666405,2.762387832105856,6.047201715403252
2020-04-24,,7.247221623435022,3.0649942963640413,3.2064481704344554,2.803635991947556,6.083877268069203
2020-05-01,,7.278641362599489,3.001690589992568,3.173706198208942,2.789336751340897,6.044296174218379
2020-05-08,,7.181778682437503,2.991163978958959,3.1867017459615647,2.7635764268574605,5.980450549075511
2020-05-15,,7.278641362599489,2.994934431061119,3.1666627989922183,2.742146756485077,5.841100559649045
2020-05-22,,6.867436971396732,2.9943956980006283,3.1878871451917368,2.716773445136355,5.751078085083983
2020-05-29,,6.828854773756325,2.994934431061119,3.163152942100577,2.701677929807273,5.6833957065089615
2020-06-05,,6.703323909638624,2.9288495447448817,3.139343672642457,2.682476772267391,5.544928912659289
2020-06-12,,6.771784996986751,2.924367863369421,3.1127780902279527,2.671271501553502,5.561942999367567
2020-06-19,,6.7125778138045655,2.931226829573714,3.092298700811256,2.6650100623685136,5.608793826210888
2020-06-26,,6.571070776407733,2.933874108848097,3.096826468022174,2.6590065807691623,5.521467333210143
2020-07-03,,6.479465370231713,2.860687949211127,3.0665710187930952,2.6308798760279024,5.44072692398975
2020-07-10,,6.531059278006457,2.8632736192246755,3.059302887199636,2.6274662530918453,5.446253837080318
2020-07-17,,6.44651491443007,2.8612044778803463,3.046526992362554,2.617279318997739,5.3968996656586965
2020-07-24,,6.154474771968385,2.864568788377849,3.045973213247532,2.604711242047947,5.342212318729839
2020-07-31,,6.154474771968385,2.5788273425189927,2.77214361365323,2.3768413624493725,4.853854325410547
2020-08-07,,6.148791721518855,2.788293697538603,3.007962548900473,2.556809579208746,5.22374095351904
2020-08-14,,6.103703133036193,2.7910662285124643,3.02435195894041,2.56446886878323,5.236696162806802
2020-08-21,,5.492411807643221,2.7895531122550925,3.012860714553551,2.577486929746402,5.284755235341963
2020-08-28,,5.790613490190308,2.788293697538603,3.034824059673078,2.585718223426848,5.270683477867422
2020-09-04,,5.80653547644231,2.711182907793092,2.9893989795439464,2.553900034823257,5.240549433179003
2020-09-11,,5.766892336174075,2.712410650807694,2.99048407929603,2.5519174598258694,5.256400095655091
2020-09-18,,5.75903039459889,2.7168368439594315,2.976447856873636,2.5514771130380325,5.239672937279217
2020-09-25,,5.604780482248062,2.7158519242769947,2.968945546830746,2.5516979413363954,5.246703967880006
2020-10-02,,5.581577031073128,2.6376345889062534,2.9455105618558552,2.535032784182425,5.20814518250836
2020-10-09,,5.556020919423441,2.6390694931549565,2.9722445419305004,2.54449032218174,5.215146735838511
2020-10-16,,5.576447154404873,2.638352165985482,2.9604218880450133,2.543386621483417,5.204653718025526
2020-10-23,0.0,5.381453716013013,2.6390694931549565,2.970628065897436,2.544710135965838,5.209893291505891
2020-10-30,0.0,5.434017182571447,2.362524861669015,2.7190356805423344,2.325839078311144,4.78600519494882
2020-11-06,0.0,5.364157920352046,2.5650856717159174,2.956162892913835,2.498318227864123,5.1602327529546415
2020-11-13,0.0,5.320192414742122,2.564619224429844,2.952401673218876,2.496381148247066,5.128442182350362
2020-11-20,0.0,4.766344432994626,2.563222970332475,2.9507936765575686,2.480780526715821,5.08190495955129
2020-11-27,0.0,5.127500542396181,2.563222970332475,2.9507936765575686,2.4792952386962046,5.061029269920407
2020-12-04,0.1586215822982219,5.1020718930574365,2.509558804869348,3.345854151841136,2.45099389713073,4.999118394808869
2020-12-11,0.1580886455331086,5.090596219473766,2.508874662584936,3.3258480817558245,2.442833604137073,4.969018605674891
2020-12-18,0.1579159615901218,5.086017848774739,2.446674456137259,3.301728789352646,2.4102724637301978,4.952092415111766
2020-12-25,0.1579159615901218,4.938710253729925,2.446897204978419,3.300531516228854,2.404924296221067,4.960944071774636
2021-01-01,0.3207285177701378,4.927625087438716,2.4453423645868524,3.2945668658140725,2.404514320510231,4.919187500560525
2021-01-08,0.3204735965164866,4.890313093373065,2.446230067011008,3.317349199034435,2.4104790441640245,4.883478897024748
2021-01-15,0.3200284881128616,4.89685627912055,2.4444547149093987,3.313731570048428,2.406567919881637,4.869338434739274
2021-01-22,0.3197113183558716,4.778459429027912,2.444010934662089,3.301728789352646,2.406773508490451,4.846730363821421
2021-01-29,0.3200602877983514,4.808569277354707,2.441794448225454,3.287437523043714,2.3963359143269165,4.820489534374669
2021-02-05,0.4495729126154452,4.767799012177072,2.372463605518443,3.271214401409593,2.3617172778331885,4.794379896231812
2021-02-12,0.4493146671614474,4.769926952216559,2.376345864209488,3.2718081179207306,2.3563046610970555,4.77685584888938
2021-02-19,0.4492257205964248,4.776323870937215,2.3819753283144847,3.2849559628409666,2.377492868749395,4.829042632919039
2021-02-26,0.4486836732231566,4.693934581821214,2.394851678166029,3.3097404588310697,2.401763548163298,4.882387092561991
2021-03-05,0.5766809623456421,4.687600028393519,2.351681871284259,3.279082425201766,2.3671394299945305,4.823657307988976
2021-03-12,0.5765095068072076,4.687600028393519,2.35838739123964,3.280900323358813,2.360599270387884,4.799512128697375
2021-03-19,0.5761784335825991,4.69604842412976,2.3651314535188246,3.291231589231432,2.364478174183115,4.8260057090607225
2021-03-26,0.5761100555986364,4.573842166707568,2.3657857034466727,3.293672287184964,2.35754583551226,4.799512128697375
2021-04-02,0.7033526689422653,4.571779342043464,2.319798534221136,3.2551037011485824,2.309263877773389,4.687033139921572
2021-04-09,0.7040502905042852,4.553286060144046,2.31573215181675,3.2418290105962853,2.302910194103652,4.675720568314904
2021-04-16,0.7025173982831888,4.565596091087599,2.3112545007261707,3.22628113924307,2.290308665734196,4.648049033943924
2021-04-23,0.7030602494822737,4.436256698923636,2.308915172596949,3.221526755825406,2.287961861187749,4.638403695760205
2021-04-30,0.7033526689422653,4.43825941948266,2.073586019386205,2.981125486997393,2.0808126396454,4.234975894444536
2021-05-07,0.8281581350936965,4.43825941948266,2.243607369995879,3.191604518849236,2.2520832381855245,4.584708938644532
2021-05-14,0.8279940686604509,4.432256153301644,2.250023527377834,3.204004682748053,2.255557692128348,4.578857860115706
2021-05-21,0.828388092259243,4.050222601779333,2.2504384201731407,3.188665580758353,2.2551716130344253,4.565017824705924
2021-05-28,0.8277477815473919,4.374428571730327,2.250646382062233,3.183973954536476,2.249772710074767,4.544774943239633
2021-06-04,0.9523615338421983,4.364599244584745,2.169976584711531,3.159685278416957,2.213578265646176,4.475205635963219
2021-06-11,0.9499868970878744,4.362638779641482,2.1683766552135846,3.143465802407503,2.2058567757618013,4.449126533354763
2021-06-18,0.9516628620005076,4.374428571730327,2.175195625915306,3.1521353236678573,2.2096161042276177,4.448424802767978
2021-06-25,0.951115999310545,4.361335906581201,2.1762020920726948,3.1521353236678573,2.216795731897027,4.455440754184695
2021-07-02,1.074432173544544,4.357402880442033,2.0636064237098166,3.10396348459716,2.182120738530333,4.397162389843377
2021-07-09,1.07262238582513,4.36527808963166,2.061510508575584,3.08863604500115,2.174142830340758,4.379223112616673
2021-07-16,1.0719855266715994,4.36527808963166,2.058088918954116,3.095429234603579,2.1715573359014924,4.368940959834274
2021-07-23,1.072728769250631,4.340318715251695,2.05467816884798,3.08581479463629,2.172111431294685,4.3675727946598615
2021-07-30,1.0718790909316989,4.3560796671114375,2.0535441511196,3.086941785237124,2.1750674067038345,4.369623949306727
2021-08-06,1.1565346549213955,4.362020088888512,1.929502211710722,3.0559572091741325,2.152604788419882,4.352460597549508
2021-08-13,1.1564205611181937,4.354104315517274,1.9275459757339504,3.064931600238303,2.1562780477250474,4.353145736478897
2021-08-20,1.1566490942427463,4.350156425773326,1.9296796360494763,3.0537216949737944,2.1579353134301917,4.363435531643617
2021-08-27,1.1560766937554905,4.335826860580035,1.926303999328529,3.0654942193395938,2.1562780477250474,4.359999569947125
2021-09-03,1.265579886716832,4.316306384104529,1.799886741000649,3.0263986157791365,2.131221354177377,4.315797467213224
2021-09-10,1.265455109615229,4.320195599683122,1.7992233684952013,3.0325177930403995,2.131767905292113,4.324003617412652
2021-09-17,1.265705277173183,4.320195599683122,1.8012146625383385,3.035866566663348,2.131767905292113,4.326058858614965
2021-09-24,1.2650290518470169,4.305056682042465,1.8057100927429024,3.044831912391082,2.134872791575845,4.339126566427598
2021-10-01,1.3787693308429276,4.303113066328772,1.6206927610263409,3.0295287692700263,2.1106974882698597,4.306952918009048
2021-10-08,1.3789054108282734,4.299236095699497,1.6276068187355095,3.035160175473233,2.1156205522277074,4.332638626398689
2021-10-15,1.379862059832352,4.303113066328772,1.6260989564415411,3.0391131030797496,2.1134299867648494,4.34103475454738
2021-10-22,1.3789603886091284,4.279576077407906,1.6301776642989312,3.0550343006369483,2.120015019962438,4.350167947260072
2021-10-29,1.3780861336898669,4.289268152493461,1.6274560791630022,3.0413783101778,2.1125179516771344,4.3291503998744
2021-11-05,1.5141041027098203,4.273783217747902,1.419407506714401,2.9974574510212,2.068859421062012,4.281889601990176
2021-11-12,1.5133548016801444,4.281510687950784,1.4275923328237747,3.0092097033913223,2.071709245986934,4.27021789891542
2021-11-19,1.5136246725541247,4.289268152493461,1.4262661930415936,3.014839879610788,2.06921482038254,4.277075759705263
2021-11-26,1.514494364541637,4.286278168662109,1.4273271643347547,3.011458905553979,2.0669036365123423,4.265431180389972
2021-12-03,1.5063238125155838,4.2784452818844345,1.2129573504665698,2.785893119612766,2.038965860912392,4.222160828169655
2021-12-10,1.5063238125155838,4.245473175428632,1.2160079027433277,2.804766468039348,2.039666029522482,4.218107808388963
2021-12-17,1.5060256102193628,4.249328407013857,1.213859973755276,2.786389119310881,2.017415141855119,4.221485804814568
2021-12-24,1.6396771966294224,4.181822082838159,1.2156685598586168,2.792685919409417,2.016722160952855,4.2120419331311565
2021-12-31,1.479408728651131,4.172361870806696,1.2152151375953475,2.796899088119794,2.019497093193963,4.147832496448388
2022-01-07,1.4792623603314818,4.170475831537191,1.2282492933442022,2.8343120120466168,2.0282181692936225,4.175253997945543
2022-01-14,1.4776492864878203,4.15356783808337,1.2330053999820991,2.8299852273773825,2.038075578106995,4.194189239924959
2022-01-21,1.4767705865135434,3.777596919420327,1.2334710708449896,2.827288447165852,2.047493522140448,4.22222886024132
2022-01-28,1.475893340978398,4.141245797728147,1.2330053999820991,2.8375647355140363,2.0667760052165183,4.290079765955212
2022-02-04,1.4510717616408848,4.124338216271758,1.2127878723138563,2.8346063332106834,2.042097446499707,4.228671645795239
2022-02-11,1.4518198997038978,4.143136086279831,1.2212778880216768,2.8516763382091423,2.058416704533999,4.295409738981362
2022-02-18,1.4538363289476466,4.1678321887913565,1.2236246728142202,2.858339677699736,2.0575037150137545,4.29108651577093
2022-02-25,1.4552813999700147,4.133719132959208,1.2249191184670587,2.868392431513201,2.060795397931964,4.296131881359171
2022-03-04,1.4100806380812525,4.143234758840761,1.1504795023648058,2.8380043324619924,2.0355238688866284,4.2615918746887
2022-03-11,1.415996793745116,4.222950894901532,1.164386602567113,2.8794030933366344,2.0556122202777445,4.309565147313302
2022-03-18,1.4171292757879617,4.148965776356057,1.1710677164634713,2.8999824129350382,2.0663648934419583,4.319880552325702
2022-03-25,1.415996793745116,4.136618211727605,1.1946542134461835,2.9563278797504706,2.0952764929168364,4.407288150929915
2022-04-01,1.3943724574124294,4.091158516304988,1.1285988236777007,2.930112572448679,2.0736701944232325,4.345849888648594
2022-04-08,1.3879975538253468,4.087417603267357,1.1489083683094277,2.959349198440046,2.089329680962742,4.395696328084971
2022-04-15,1.3899313606113592,4.104314907716359,1.154829496675705,2.9605542500962985,2.104445924860512,4.460234533132303
2022-04-22,1.3910392390613016,4.120111581191174,1.1697227265025645,2.983650542911749,2.124744937018519,4.5135722338861
2022-04-29,1.3879975538253468,4.139219367213958,1.1649528219301593,2.977537013355735,2.1259397075561197,4.532460958652862
2022-05-06,1.4260324910520017,4.179934480002496,1.161853714450027,3.002350195745985,2.130459735735468,4.539772427609388
2022-05-13,1.436405073745213,4.2536515541479805,1.147076789533062,2.994296064390412,2.1452615703596094,4.612639282557
2022-05-20,1.44340555132082,4.282226522013315,1.1404622054049351,2.983217493209479,2.1346967129988,4.613499880422745
2022-05-27,1.439313647808277,4.254957764956293,1.1307392856244225,2.974047868192032,2.081664335188748,4.422785077082059
2022-06-03,1.5034012344702423,4.236910723673193,1.1822466082398146,2.9883673210488446,2.0687035831467213,4.364803085543226
2022-06-10,1.499757965512434,4.301782158261367,1.200035578915086,3.0133116877889035,2.0964651263363416,4.506835440062292
2022-06-17,1.512895218402002,4.353863411660706,1.2186234319383094,3.045725708677824,2.1191367589100505,4.600940869199137
2022-06-24,1.5156736750623232,4.438139086630278,1.2073773905826564,3.02847832861065,2.10893351726344,4.573161330292136
2022-07-01,1.6098103397493513,4.46420753241893,1.2479652904874303,2.994742803099734,2.1005289850938973,4.512699041023898
2022-07-08,1.6091530839652226,4.438139086630278,1.2606999915760615,3.032985904305453,2.099346294947178,4.535359954141145
2022-07-15,1.6121789236386703,4.4145099795086695,1.2477109466909708,3.013429846590828,2.0837161979555825,4.5051942881335965
2022-07-22,1.6058772680142213,4.459969205447514,1.235236659937801,2.972014402276734,2.073681213700457,4.471327584573107
2022-07-29,1.600663222090542,4.447208000184723,1.218015910601046,2.952632592965327,2.0622214800302148,4.422675170099497
2022-08-05,1.7730338966893084,4.388609078933295,1.3588775806145783,3.022264982848576,2.088014724439677,4.426482730712212
2022-08-12,1.7651394063253,4.351747142689398,1.3510645110635635,3.0066245021806366,2.08395624568433,4.407900132815161
2022-08-19,1.7629978140892095,4.411444114655714,1.3635807452442774,3.021008123428958,2.1067695531238115,4.473215126419543
2022-08-26,1.7637114861542766,4.58244481750236,1.3735085095588004,3.0298300447827957,2.1210582758494008,4.499047674604181
2022-09-02,2.029484562094196,4.613213999292723,1.5331288411506343,3.062853397458752,2.165903146609077,4.503809282195164
2022-09-09,2.029073204027842,4.571555756715034,1.5480647886317396,3.0738622341858357,2.169192768524704,4.5539094214451055
2022-09-16,2.0280448732358063,4.617644072419376,1.5649504827275729,3.104712600433572,2.183913203315476,4.597111995036478
2022-09-23,2.030103339525592,4.902385039108157,1.600024057328614,3.1525071979670938,2.210746186843895,4.684175533384086
2022-09-30,1.921217596121479,4.950948241795572,1.5900499053346304,2.9275183789184025,2.0402226604520104,4.336418122676662
2022-10-07,2.287884643279363,4.84770209667349,1.8380626661472288,3.195791409113181,2.233011440225763,4.643192216931044
2022-10-14,2.301027929227916,4.873702743465114,1.866692876086872,3.2077951683457084,2.2392860302754736,4.709404241600082
2022-10-21,2.2930304078302752,4.486972306189953,1.8881199979532517,3.2291990533254147,2.2634068186968688,4.784354945347849
2022-10-28,2.297728187710183,5.039031760327717,1.844528738506116,3.211342706238928,2.2700750362511823,4.770725835516155
2022-11-04,2.578174288003417,5.039031760327717,2.1056672479100667,3.252827122426844,2.3040388853797946,4.769154776479188
2022-11-11,2.5681673616443743,4.969576738266881,2.053670904274198,3.212728636005421,2.2607720620506364,4.599565850180071
2022-11-18,2.554079037205073,5.000474394317885,2.044371362955686,3.201453082414693,2.238566639434318,4.572467046171742
2022-11-25,2.554598740607595,5.374972917871687,2.0236437803774336,3.174300085399301,2.226254745187557,4.541252851587279
2022-12-02,2.923055167052566,5.333825746340971,2.266383435294323,2.869913430983674,2.2487145327758054,4.420111793107317
2022-12-09,2.9183035120308856,5.359467991176777,2.281548763359243,2.876719830833575,2.248925535249277,4.425223972783122
2022-12-16,2.90943526656577,5.336377287529975,2.539754063177187,2.897656682777917,2.2943500346471124,4.420111793107317
2022-12-23,3.3042137787676342,6.225980077942015,2.576617205584532,2.912698612541332,2.3056329475342867,4.479631264765944
2022-12-30,3.3042137787676342,6.310890802514832,2.603008464063425,2.933000577077016,2.310439844034029,4.523057125772786
2023-01-06,3.300862745315092,6.184372221360538,2.545912914207221,2.9032789666075267,2.286602830372268,4.419883192967852
2023-01-13,3.290187628838109,6.131689237881773,2.525143840067276,2.8692542088954736,2.2668306630036947,4.365869603970147
2023-01-20,3.2756196370630173,6.131689237881773,2.5196098841902583,2.8516323383359845,2.258012440952088,4.331955384213485
2023-01-27,3.269697689633872,6.509024053732208,2.515671628216796,2.858290850392585,2.258012440952088,4.355057969304824
2023-02-03,3.6871138854655103,6.478262405506648,2.607651294623437,2.869134695440376,2.322110167668373,4.344209218403514
2023-02-10,3.675276957694101,6.478262405506648,2.64693840256568,2.8955695287537995,2.337931105896261,4.376702089145387
2023-02-17,3.669386615773344,6.5028485247211405,2.6582204753943794,2.9074059398332803,2.365749839912469,4.443170425334945
2023-02-24,3.6774910069309774,6.966153172707887,2.6880073698940232,2.9231280717786694,2.380814573201382,4.479803983726276
2023-03-03,4.104252372660174,6.900061310452024,2.827045229038275,2.964231671060473,2.4417623003422877,4.471053135482512
2023-03-10,4.106732185714678,6.956158994827162,2.805208074258835,2.932283144779854,2.4254302899335958,4.452656690522662
2023-03-17,4.132533618535823,7.088365941242919,2.749746570912195,2.892994759690391,2.4030186390333044,4.450912396922088
2023-03-24,4.126680975951641,7.55745595253414,2.7350777908231247,2.9184421806096417,2.3978712249874787,4.443949994618377
2023-03-31,4.013297730739951,7.423019670118832,2.599224442890031,2.711288820774129,2.2225641568386,4.019991893732685
2023-04-07,4.562331640988244,7.401668764789007,2.865648017966567,2.9334883533105813,2.434901801193149,4.410428106330843
2023-04-14,4.548514469501156,7.369870869538932,2.8978161021313507,2.9543601393393666,2.443699066271566,4.438622217537897
2023-04-21,4.537520844562137,7.009667622044111,2.904890343810325,2.953087604629347,2.4674733302680343,4.496990798964903
2023-04-28,4.527490616612797,7.851302361567357,2.884072583346424,2.9203597839695266,2.4585038020064536,4.443787192549872
2023-05-05,4.969209300238726,7.8701451043574675,3.009714047182269,2.9561195852175493,2.5119328678576958,4.407820483426474
2023-05-12,4.972219679497714,7.889083924428331,3.0199067197203284,2.949814415998663,2.522732433873466,4.4206817940926415
2023-05-19,4.9682070978894055,7.873928288234003,3.06170169669447,2.988696307024733,2.5525525139569365,4.506588292413031
2023-05-26,4.961200307017295,8.442505531758938,3.0822026825682687,3.006886652824672,2.553034296986169,4.499452357183257
2023-06-02,5.352537343103832,8.377469183506106,3.1754811867267305,3.043238832049659,2.6125424211091266,4.503600409148893
2023-06-09,5.34174216390058,8.349333117072284,3.1737801210701035,3.05383993203898,2.6036959244154967,4.484175157051781
2023-06-16,5.3309904412212505,8.28966314668941,3.1683534185486124,3.0578344456329383,2.593451037727839,4.443236095217686
2023-06-23,5.322419985637607,8.86211736640179,3.165985461786384,3.0505191802789957,2.588359068503417,4.431184381347151
2023-06-30,5.104878203769067,8.761025232708871,2.9997068488470524,2.82249869186673,2.404803183361824,4.048928880134899
2023-07-07,5.689315297456831,8.777715900304592,3.3649685301979426,3.1445647279172038,2.660526272982677,4.441299467732144
2023-07-14,5.672751725461382,8.723710055216282,3.3061429102737088,3.091279412514182,2.643073475319617,4.411057629719204
2023-07-21,5.644414079031875,8.318937422654754,3.3086276892008826,3.10612441388683,2.628784266842433,4.398220055769071
2023-07-28,5.627548566236949,9.29015635967443,3.319314689987914,3.108838733985203,2.6443118782543267,4.425694312866437
2023-08-04,5.974183614915689,9.294586683466918,3.461089774213824,3.124081922135603,2.7124338911665777,4.499985146840221
2023-08-11,5.971797879270891,9.254864216114765,3.4834929060294124,3.1295626638791143,2.7139738470576127,4.4787124674551295
2023-08-18,5.9634640958904,9.25926195741269,3.5019346474592385,3.148898210875596,2.7268752789868675,4.500875500341791
2023-08-25,5.952782976179371,9.765059438014816,3.492305464347597,3.155162995490448,2.731288776428416,4.506228444723615
2023-09-01,6.214991648843243,9.695705838743518,3.5545180379371906,3.157893264647265,2.7584875621579505,4.535647599901088
2023-09-08,6.213750081055581,9.672810233279057,3.5693990257878063,3.160674766467056,2.76348302761965,4.553694080469013
2023-09-15,6.200138461433963,9.6273283352922,3.5745185352347297,3.170446555516785,2.7690250236618086,4.56277089559187
2023-09-22,6.190280021179608,10.132370498928324,3.597139064101006,3.1823952550433474,2.7890023938792163,4.6040664499185775
2023-09-29,6.186589571126223,10.15168174271265,3.6485840756159855,3.1873409403733697,2.827625449846177,4.665052804312962
2023-10-06,6.475406954706768,10.190521450528884,3.81407639611326,3.258667746288499,2.890477105731882,4.818262425167996
2023-10-13,6.4702342643444055,10.137192245535214,3.786756183539455,3.246293183399561,2.859784233128364,4.731888313373583
2023-10-20,6.463781413202156,10.166211611316466,3.8699182823015774,3.2777753395160496,2.895608924579129,4.850457018555866
2023-10-27,6.453483580464154,10.495142611664509,3.8386959230589657,3.26012885893163,2.900186202401257,4.843377222596355
2023-11-03,6.64909890148283,10.390092879524888,3.8301105301080303,3.273594855220622,2.905900670700164,4.777464399448253
2023-11-10,6.633189224406863,10.365390208810956,3.84394692013334,3.2904391478912687,2.882616425542244,4.754979855176657
2023-11-17,6.616041286347669,10.350625577207612,3.781622593362041,3.258365017000295,2.849063511592674,4.678395052330469
2023-11-24,6.609467237304341,10.620235124065347,3.801040722340067,3.254759926317003,2.833652181359864,4.661502294201353
2023-12-01,6.773666049428176,10.61515415314231,3.774712583797185,3.2484435010291945,2.8278347238576207,4.605666814909583
2023-12-08,6.762883071068639,10.56963871781631,3.7701789474201295,3.2441862310818284,2.82123449804195,4.60748847561308
2023-12-15,6.737408416119566,10.489678975327664,3.728952721787147,3.2247809906092466,2.831287446485929,4.522627426222821
2023-12-22,6.268245582073238,10.084917765791436,3.71779905597577,3.2019593788216976,2.82527412356492,4.519123177047693
2023-12-29,6.260768951940911,10.075396837128997,3.699620835757592,3.1910106200369945,2.8221470874918686,4.519390975591304
2024-01-05,6.252066503632239,10.094460976964376,3.743792436119728,3.2053961145366308,2.8310256971026537,4.566265617720424
2024-01-12,6.239680192697058,10.07064151669828,3.7035586803314384,3.1801356502779896,2.817208812509828,4.520267093206954
2024-01-19,6.227342333461538,10.080154520848252,3.7551021754181457,3.2019593788216976,2.8463011651466035,4.589617926619059
2024-01-26,6.219960790966683,10.164683409025956,3.754292383610912,3.204708458974208,2.841806492801428,4.55290135392581
2024-02-02,6.32281341692425,10.169519531804124,3.792934567383536,3.207634664113185,2.8609389243528147,4.539144704847571
2024-02-09,6.309045672613606,10.135765125736174,3.827497888483358,3.214487839596924,2.867312814635049,4.561265107353075
2024-02-16,6.30031652396492,10.11179336917474,3.8483723748837786,3.226899332081342,2.8625292542545195,4.532989738049403
2024-02-23,6.292851852852935,10.10322407319142,3.843341108134679,3.2359222979393145,2.860407916815418,4.5050620469109095
2024-03-01,6.387827690415223,10.084106006596333,3.869666241585034,3.248223395162307,2.880547835683221,4.518812595181722
2024-03-08,6.380240861176728,10.060311501997658,3.833438765754136,3.245448804895089,2.8725591611065457,4.505790306509297
2024-03-15,6.371411591696084,10.046087159777391,3.886129603230776,3.256577693802478,2.8864354788524587,4.527536381674053
2024-03-22,6.361354002899399,10.106684526591025,3.855009586612343,3.2343951588324926,2.8786792928499274,4.48854320448365
2024-03-29,6.35257689309277,10.058898600885785,3.8545923284145513,3.2261546990281693,2.8877762068117057,4.487684759452824
2024-04-05,6.420287396522566,10.082734945125368,3.9337622539008894,3.276659108212425,2.9440213975372767,4.547601631023483
2024-04-12,6.410144258742803,10.09229778555524,3.962889376479328,3.3099213525056106,2.9401540944520224,4.543180171316203
2024-04-19,6.400034188216817,10.082734945125368,3.996454845357989,3.3307834588032934,2.943191259390796,4.541414649771889
2024-04-26,6.3912134684629525,10.038231388355124,3.993338547042732,3.3365855142783403,2.9528984630316404,4.568050140899
2024-05-03,6.433319511584171,9.995557173442252,3.9686514357320672,3.338095842379801,2.9571929784277344,4.618875007062207
2024-05-10,6.41935853970987,9.98141226675714,3.963406970045016,3.328726529095928,2.953593601664765,4.595682956969627
2024-05-17,6.40924310438716,9.972003866802345,3.939109403407601,3.3129910618814846,2.9588573101588764,4.593908091353391
2024-05-24,6.396643552240546,9.986098395484792,3.951653446236864,3.3208405899519717,2.982637728480913,4.630559773821648
2024-05-31,5.851625463918967,9.971912039400172,3.636053745943752,3.042766524461396,2.7524957506872774,4.269805924353772
2024-06-07,6.400635952056788,9.953062866524986,3.968136478569066,3.297586205193741,3.010219012579757,4.614614020263841
2024-06-14,6.396852234001507,9.986098395484792,3.908576979448777,3.266767401834277,2.983519940664578,4.556401827948368
2024-06-21,6.386784155056982,9.10397870123033,3.9111112053346297,3.270240656245707,2.9919003788398024,4.578277807904024
2024-06-28,6.380508209134407,9.850700022593385,3.9426349437813646,3.2758132515007747,2.999200921920345,4.615507386870001
2024-07-05,6.42507373063959,9.832006308033836,3.958691220345493,3.294859229285601,2.999780037751493,4.592735418198252
2024-07-12,6.412417081498589,9.799465449661552,3.921280310863737,3.268377727932805,2.989440296239163,4.564657006743107
2024-07-19,6.406107437625483,9.790206736756224,3.93437828049468,3.272530387984917,2.993902666685814,4.576898797000159
2024-07-26,6.398550559041416,9.71696146314351,3.921280310863737,3.266304512976417,2.990832714934548,4.57164464153086
2024-08-02,6.40743548125597,9.758825365862018,3.8590744731562823,3.246100948248623,2.983877085188882,4.561186411830884
2024-08-09,6.392268113146357,9.726233372936589,3.8934214714458246,3.2528693910590074,2.9996706304965146,4.5918171841037605
2024-08-16,6.393529143016795,9.68464803703874,3.874538142609652,3.2610282712693888,2.996887587681632,4.580392083611088
2024-08-23,6.372154399291079,9.606496542126242,3.845746564875115,3.2366726892322792,2.987740250757412,4.549914450395493
2024-08-30,5.779830524427208,9.542665808180525,3.5631945567204983,3.008755996278647,2.772436345482148,4.2071331087051504
2024-09-06,6.366638346975652,9.569918773386876,3.87825207492342,3.247423029131348,3.0123460352266136,4.5380144248289085
2024-09-13,6.360366342563324,9.533618495647334,3.8545401595235167,3.251434806411261,3.004290330624654,4.521676260270194
2024-09-20,6.35035721077873,8.6238118726589,3.8685720842434654,3.245420315991612,3.0065087376170805,4.518250403325165
2024-09-27,6.342868441864461,9.51557047893096,3.866160038740816,3.2374343704617656,2.99710454794556,4.497810312210567
2024-10-04,6.328616004364934,9.470386318233626,3.94642441651019,3.2951144217825314,3.041133849080869,4.444139519213121
2024-10-11,6.3211315944944655,9.439012067100007,3.958150357691776,3.306762085480555,3.047622871904882,4.45426683702839
2024-10-18,6.313665885473586,9.425629238547128,3.9623561421408895,3.3178009602527148,3.0442340486149253,4.449197074229122
2024-10-25,6.309940912695181,9.492269680574738,4.005332438274608,3.3393994403656424,3.070411107942282,4.496103408782675
2024-11-01,6.276054974712357,9.496786747478716,4.076481399753077,3.3809012804353555,3.0849107100178097,4.48934106130155
2024-11-08,6.26246286057812,9.43392437023236,4.03400393752207,3.3616748651804467,3.065101087100795,4.47386744949306
2024-11-15,6.248929492368426,9.42501084356711,4.073827197885213,3.378754126901918,3.0656717112567677,4.466169543925552
2024-11-22,6.240346263158304,9.247560484786186,4.055349756788186,3.368059421578665,3.060543955488785,4.459349699252135
2024-11-29,5.62035324993317,9.23879939916084,3.683748764049176,3.082880563475188,2.7937598758702284,4.097082547243462
2024-12-06,6.201402167617176,9.225689754705844,4.014203270423898,3.3713745094495136,3.0443757697733065,4.425962884741311
2024-12-13,6.192860635743671,9.21261456258561,3.7636781633894576,3.1260962034692965,2.8355456578966987,4.481170963357576
2024-12-20,6.190425082708951,8.479861161627825,4.12199488720659,3.4308625766997536,3.1216736285689493,4.544838287433143
2024-12-27,6.722331351741675,9.074226217278216,4.131913029422687,3.443965351813845,3.122849747307382,4.52151571756054
2025-01-03,6.717031251131118,9.052724889298709,4.130105854383369,3.4308625766997536,3.1105437203151687,4.497988815176743
2025-01-10,6.710419866444206,9.052724889298709,4.173907198331383,3.441774803028565,3.137925019919247,4.532930650965201
2025-01-17,6.693287836581409,9.031321703207825,4.125146063446302,3.4207394298025577,3.120792062721568,4.515392484997475
2025-01-24,6.684098144961031,8.950592445407528,4.122445119816562,3.4171390932015933,3.119030423917621,4.508414184474279
2025-01-31,6.117806327670999,8.95484412476311,3.760937824845848,3.1496073934105926,2.861065134369401,4.102641705945112
2025-02-07,6.536384277710118,8.967624304836525,4.133381309662248,3.421067014256312,3.1114295970102117,4.49956096199117
2025-02-14,6.538953117841996,8.946343065711131,4.122201858437883,3.4354593485425555,3.111720609228428,4.506495681098599
2025-02-21,6.540239328953989,8.256224808615913,4.102671967478601,3.4246540644588777,3.1006781545352013,4.489199666304427
2025-02-28,5.992751434468803,8.81319808249471,3.7260905578197216,3.1148932208840034,2.8264510879817903,4.113496331884463
2025-03-07,6.450032853971918,8.83849934702831,4.108563285951412,3.422107104103833,3.1255769890530907,4.47569489359942
2025-03-14,6.462789915178678,8.876724806233739,4.114306146812875,3.4299757219596207,3.1418164288191344,4.483480227826753
2025-03-21,6.4615130638987495,8.113293037543109,4.090116983571016,3.41569648145723,3.142706875988168,4.485214058198579
2025-03-28,6.452580031567445,8.678814447291476,4.085313865235153,3.413564381766846,3.1618281463887112,4.544969633386171
2025-04-04,6.433799706041456,8.841036214130067,4.101223476856505,3.41712070865148,3.1536299652315143,4.495130069719791
2025-04-11,6.45832710224941,8.780569298089517,4.202514595253439,3.4760620058280103,3.259357119241828,4.681286441050592
2025-04-18,6.399264969241973,8.733638558091144,4.176612728898459,3.449216783771722,3.218772627285512,4.619394653938553
2025-04-25,6.373920886735799,8.522370812505939,4.141237858161563,3.429176135983905,3.2057763072935703,4.598208664227469
2025-05-02,6.293995361271889,8.48137856586589,4.203783615660785,3.423465684563154,3.2135772156016493,4.498036478514199
2025-05-09,6.286516206243912,8.4488653277178,4.201062418782096,3.4448316478703527,3.212652772533506,4.508825098254761
2025-05-16,6.274090697495812,8.39656350552533,4.215161661676216,3.4362537302286,3.2055826070793603,4.517855465503591
2025-05-23,6.267894626987245,8.459044414756564,4.240410519960035,3.4426832260916784,3.229064680558069,4.542419012455886
2025-05-30,6.254309090237246,8.426602200866842,4.202422934006982,3.4326916588596506,3.225954965380558,4.516046428142182
2025-06-06,6.174474865656592,8.402435780096408,4.256794642462978,3.48019235419659,3.2347077223842566,4.547178386159699
2025-06-13,6.165941458242699,8.418532904686108,4.220453914666215,3.472254388050073,3.21353379916236,4.52153993129148
2025-06-20,6.165941458242699,8.40645348550503,4.208175992751998,3.4693769275548405,3.2110607048776503,4.495288571145071
2025-06-27,6.153792600971243,8.224504799054111,4.17578165822613,3.437332735955784,3.1999794409215605,4.491691633119898
2025-07-04,6.039739230769949,8.193142325027356,4.209514717517385,3.456379754901056,3.213421154281644,4.459707164628867
2025-07-11,6.032580624774554,8.181444519788775,4.220848244440602,3.469250215527987,3.223312996829444,4.504610130770424
2025-07-18,6.02900768156571,8.177552156367716,4.223576979002068,3.4735615090086243,3.245480227711311,4.579302713183852
2025-07-25,6.019499869963991,8.002076563571615,4.208611031741112,3.4599451858650965,3.2335785381307574,4.563421847650229
2025-08-01,5.913578381965821,8.013568632271346,4.192268689522341,3.480322282224221,3.223408574847782,4.513607606873015
2025-08-08,5.907737371825678,7.990617408677256,4.199438539726784,3.463898819980077,3.2261973918173688,4.531038128250802
2025-08-15,5.893764277429595,7.990617408677256,4.198540355602071,3.4624779911337966,3.224957322079984,4.529196527520656
2025-08-22,5.8902824607737045,7.77341583403507,4.176226563745908,3.447629632671428,3.2196971647486325,4.52001379082654
2025-08-29,5.884486904384662,7.75855187325489,4.164275824969584,3.448333822029183,3.212608140461941,4.504486845203455
2025-09-05,5.769957882608521,7.751140826261406,4.147199367253071,3.4501217941161912,3.1915005294761043,4.43962256129476
2025-09-12,5.765401193913244,7.736363294842037,4.124164276280172,3.4347098585611238,3.156115934306276,4.387988991393613
2025-09-19,5.756309815815216,7.717969170477325,4.134129214904015,3.445203163322988,3.154930461056689,4.372474477707934
2025-09-26,5.7517742082165055,7.499809226471063,4.142833251085653,3.4515295420595136,3.161165472915444,4.391451624467105
2025-10-03,5.652860922544702,7.485482139956917,4.150530041834807,3.432964061842291,3.1595389279242223,4.380123596649537
2025-10-10,5.658452176437926,7.539490347577216,4.142253366121496,3.4273810396409226,3.1456413671830328,4.377535362798318
2025-10-17,5.650627513683064,7.517794514984266,4.116331727160464,3.413502209235135,3.128949605121669,4.354377845736571
2025-10-24,5.647280274968028,7.255260156520678,4.109474145624125,3.420427679647052,3.12371518099787,4.343316016255368
2025-10-31,5.130249774998312,7.23790328883743,3.801462923394382,3.155935408972172,2.8752210369407547,3.97891482778544
2025-11-07,5.568305631834308,7.227528839435441,4.156137121729175,3.4516021944067643,3.133346234049887,4.368826384529753
2025-11-14,5.562806563411231,7.220628601285416,4.170563574485204,3.457244669928127,3.140669006971309,4.3783032191033255
2025-11-21,5.55622217068575,6.586807679727262,4.152219817972568,3.4480854975856805,3.135100601554005,4.352553247382182
2025-11-28,5.551840946486675,7.131584242340744,4.140080365934164,3.4236657149637035,3.1272211558656364,4.669340685350872
2025-12-05,5.379684826414752,7.117974800363081,4.194734164008138,3.449415077655729,3.150932652445002,4.356111473714211
2025-12-12,5.375429804548419,7.101035380126157,4.20312812970961,3.447306397832884,3.1527022176111266,4.347568162674005
2025-12-19,5.366941552039967,7.101035380126157,4.224485760952374,3.456685731500889,3.160645570617449,4.334816495713146
2025-12-26,5.321789428473387,6.991547417560788,4.212524499673552,3.4672737517074266,3.155323108709484,3.956045434978732
2026-01-02,5.314428467740502,6.984891961730853,4.222265502373027,3.454575721220178,3.1450251747546454,4.302208811537978
2026-01-09,5.311280172242063,6.968308626346646,4.193176378089562,3.4658581612833297,3.1327556351435497,4.2896315448706765
2026-01-16,5.299768266277353,6.968308626346646,4.203268059779068,3.450363687363831,3.134211320007412,4.282953840230406
2026-01-23,5.29455206231744,6.91570909022481,4.204147776237101,3.4531707468892585,3.134211320007412,4.302208811537978
2026-01-30,5.648312815124722,6.962391590817983,4.197996810944402,3.443366231315709,3.127236919543367,4.306417424396159
2026-02-06,5.2427951204103245,6.982591773166445,4.184026013895673,3.461850735103328,3.1312098835123465,4.258823529411765
2026-02-13,5.237625809410169,7.002909511296044,4.157478703323524,3.451345315531721,3.119622642468307,4.242187436786481
