date,UNRATE,NROU
1990-01-01,5.4,5.742207317999999
1990-02-01,5.3,5.742207317999999
1990-03-01,5.2,5.742207317999999
1990-04-01,5.4,5.726720155
1990-05-01,5.4,5.726720155
1990-06-01,5.2,5.726720155
1990-07-01,5.5,5.710940989
1990-08-01,5.7,5.710940989
1990-09-01,5.9,5.710940989
1990-10-01,5.9,5.69483418
1990-11-01,6.2,5.69483418
1990-12-01,6.3,5.69483418
1991-01-01,6.4,5.678371385
1991-02-01,6.6,5.678371385
1991-03-01,6.8,5.678371385
1991-04-01,6.7,5.66153232
1991-05-01,6.9,5.66153232
1991-06-01,6.9,5.66153232
1991-07-01,6.8,5.6443053160000005
1991-08-01,6.9,5.6443053160000005
1991-09-01,6.9,5.6443053160000005
1991-10-01,7.0,5.626687688
1991-11-01,7.0,5.626687688
1991-12-01,7.3,5.626687688
1992-01-01,7.3,5.608685893
1992-02-01,7.4,5.608685893
1992-03-01,7.4,5.608685893
1992-04-01,7.4,5.590315487000001
1992-05-01,7.6,5.590315487000001
1992-06-01,7.8,5.590315487000001
1992-07-01,7.7,5.571600887000001
1992-08-01,7.6,5.571600887000001
1992-09-01,7.6,5.571600887000001
1992-10-01,7.3,5.552574942000001
1992-11-01,7.4,5.552574942000001
1992-12-01,7.4,5.552574942000001
1993-01-01,7.3,5.533867141
1993-02-01,7.1,5.533867141
1993-03-01,7.0,5.533867141
1993-04-01,7.1,5.514244935
1993-05-01,7.1,5.514244935
1993-06-01,7.0,5.514244935
1993-07-01,6.9,5.494440311
1993-08-01,6.8,5.494440311
1993-09-01,6.7,5.494440311
1993-10-01,6.8,5.474514515
1993-11-01,6.6,5.474514515
1993-12-01,6.5,5.474514515
1994-01-01,6.6,5.454533029
1994-02-01,6.6,5.454533029
1994-03-01,6.5,5.454533029
1994-04-01,6.4,5.434564342000001
1994-05-01,6.1,5.434564342000001
1994-06-01,6.1,5.434564342000001
1994-07-01,6.1,5.414678681
1994-08-01,6.0,5.414678681
1994-09-01,5.9,5.414678681
1994-10-01,5.8,5.394946723
1994-11-01,5.6,5.394946723
1994-12-01,5.5,5.394946723
1995-01-01,5.6,5.375438342000001
1995-02-01,5.4,5.375438342000001
1995-03-01,5.4,5.375438342000001
1995-04-01,5.8,5.356221389
1995-05-01,5.6,5.356221389
1995-06-01,5.6,5.356221389
1995-07-01,5.7,5.337360547
1995-08-01,5.7,5.337360547
1995-09-01,5.6,5.337360547
1995-10-01,5.5,5.318916294
1995-11-01,5.6,5.318916294
1995-12-01,5.6,5.318916294
1996-01-01,5.6,5.300943972
1996-02-01,5.5,5.300943972
1996-03-01,5.5,5.300943972
1996-04-01,5.6,5.283493
1996-05-01,5.6,5.283493
1996-06-01,5.3,5.283493
1996-07-01,5.5,5.26660624
1996-08-01,5.1,5.26660624
1996-09-01,5.2,5.26660624
1996-10-01,5.2,5.250319523
1996-11-01,5.4,5.250319523
1996-12-01,5.4,5.250319523
1997-01-01,5.3,5.234661349
1997-02-01,5.2,5.234661349
1997-03-01,5.2,5.234661349
1997-04-01,5.1,5.219652759
1997-05-01,4.9,5.219652759
1997-06-01,5.0,5.219652759
1997-07-01,4.9,5.205307376
1997-08-01,4.8,5.205307376
1997-09-01,4.9,5.205307376
1997-10-01,4.7,5.191631613
1997-11-01,4.6,5.191631613
1997-12-01,4.7,5.191631613
1998-01-01,4.6,5.178625042
1998-02-01,4.6,5.178625042
1998-03-01,4.7,5.178625042
1998-04-01,4.3,5.166280901
1998-05-01,4.4,5.166280901
1998-06-01,4.5,5.166280901
1998-07-01,4.5,5.154586724
1998-08-01,4.5,5.154586724
1998-09-01,4.6,5.154586724
1998-10-01,4.5,5.143525089
1998-11-01,4.4,5.143525089
1998-12-01,4.4,5.143525089
1999-01-01,4.3,5.133074442
1999-02-01,4.4,5.133074442
1999-03-01,4.2,5.133074442
1999-04-01,4.3,5.123209982
1999-05-01,4.2,5.123209982
1999-06-01,4.3,5.123209982
1999-07-01,4.3,5.113904587
1999-08-01,4.2,5.113904587
1999-09-01,4.2,5.113904587
1999-10-01,4.1,5.105129749
1999-11-01,4.1,5.105129749
1999-12-01,4.0,5.105129749
2000-01-01,4.0,5.096856489
2000-02-01,4.1,5.096856489
2000-03-01,4.0,5.096856489
2000-04-01,3.8,5.089056238
2000-05-01,4.0,5.089056238
2000-06-01,4.0,5.089056238
2000-07-01,4.0,5.081701651
2000-08-01,4.1,5.081701651
2000-09-01,3.9,5.081701651
2000-10-01,3.9,5.07476733
2000-11-01,3.9,5.07476733
2000-12-01,3.9,5.07476733
2001-01-01,4.2,5.068230454
2001-02-01,4.2,5.068230454
2001-03-01,4.3,5.068230454
2001-04-01,4.4,5.062071269
2001-05-01,4.3,5.062071269
2001-06-01,4.5,5.062071269
2001-07-01,4.6,5.056273458
2001-08-01,4.9,5.056273458
2001-09-01,5.0,5.056273458
2001-10-01,5.3,5.050824352
2001-11-01,5.5,5.050824352
2001-12-01,5.7,5.050824352
2002-01-01,5.7,5.045714999
2002-02-01,5.7,5.045714999
2002-03-01,5.7,5.045714999
2002-04-01,5.9,5.0409400710000005
2002-05-01,5.8,5.0409400710000005
2002-06-01,5.8,5.0409400710000005
2002-07-01,5.8,5.036497622
2002-08-01,5.7,5.036497622
2002-09-01,5.7,5.036497622
2002-10-01,5.7,5.032388701
2002-11-01,5.9,5.032388701
2002-12-01,6.0,5.032388701
2003-01-01,5.8,5.028616825
2003-02-01,5.9,5.028616825
2003-03-01,5.9,5.028616825
2003-04-01,6.0,5.025187331000001
2003-05-01,6.1,5.025187331000001
2003-06-01,6.3,5.025187331000001
2003-07-01,6.2,5.022106626
2003-08-01,6.1,5.022106626
2003-09-01,6.1,5.022106626
2003-10-01,6.0,5.019381339
2003-11-01,5.8,5.019381339
2003-12-01,5.7,5.019381339
2004-01-01,5.7,5.017017429
2004-02-01,5.6,5.017017429
2004-03-01,5.8,5.017017429
2004-04-01,5.6,5.015019231
2004-05-01,5.6,5.015019231
2004-06-01,5.6,5.015019231
2004-07-01,5.5,5.013388509
2004-08-01,5.4,5.013388509
2004-09-01,5.4,5.013388509
2004-10-01,5.5,5.012123509
2004-11-01,5.4,5.012123509
2004-12-01,5.4,5.012123509
2005-01-01,5.3,5.011218059
2005-02-01,5.4,5.011218059
2005-03-01,5.2,5.011218059
2005-04-01,5.2,5.01066073
2005-05-01,5.1,5.01066073
2005-06-01,5.0,5.01066073
2005-07-01,5.0,5.010434094
2005-08-01,4.9,5.010434094
2005-09-01,5.0,5.010434094
2005-10-01,5.0,5.01051409
2005-11-01,5.0,5.01051409
2005-12-01,4.9,5.01051409
2006-01-01,4.7,5.010869535
2006-02-01,4.8,5.010869535
2006-03-01,4.7,5.010869535
2006-04-01,4.7,5.011461778999999
2006-05-01,4.6,5.011461778999999
2006-06-01,4.6,5.011461778999999
2006-07-01,4.7,5.012244536
2006-08-01,4.7,5.012244536
2006-09-01,4.5,5.012244536
2006-10-01,4.4,5.0131638910000005
2006-11-01,4.5,5.0131638910000005
2006-12-01,4.4,5.0131638910000005
2007-01-01,4.6,5.0141584980000005
2007-02-01,4.5,5.0141584980000005
2007-03-01,4.4,5.0141584980000005
2007-04-01,4.5,5.015159963
2007-05-01,4.4,5.015159963
2007-06-01,4.6,5.015159963
2007-07-01,4.7,5.016093422
2007-08-01,4.6,5.016093422
2007-09-01,4.7,5.016093422
2007-10-01,4.7,5.016878297
2007-11-01,4.7,5.016878297
2007-12-01,5.0,5.016878297
2008-01-01,5.0,5.017429226
2008-02-01,4.9,5.017429226
2008-03-01,5.1,5.017429226
2008-04-01,5.0,5.017657154
2008-05-01,5.4,5.017657154
2008-06-01,5.6,5.017657154
2008-07-01,5.8,5.0174705610000006
2008-08-01,6.1,5.0174705610000006
2008-09-01,6.1,5.0174705610000006
2008-10-01,6.5,5.016776812
2008-11-01,6.8,5.016776812
2008-12-01,7.3,5.016776812
2009-01-01,7.8,5.015483596
2009-02-01,8.3,5.015483596
2009-03-01,8.7,5.015483596
2009-04-01,9.0,5.013500434
2009-05-01,9.4,5.013500434
2009-06-01,9.5,5.013500434
2009-07-01,9.5,5.01074023
2009-08-01,9.6,5.01074023
2009-09-01,9.8,5.01074023
2009-10-01,10.0,5.0071208160000005
2009-11-01,9.9,5.0071208160000005
2009-12-01,9.9,5.0071208160000005
2010-01-01,9.8,5.002566479
2010-02-01,9.8,5.002566479
2010-03-01,9.9,5.002566479
2010-04-01,9.9,4.997009431
2010-05-01,9.6,4.997009431
2010-06-01,9.4,4.997009431
2010-07-01,9.4,4.9903911910000005
2010-08-01,9.5,4.9903911910000005
2010-09-01,9.5,4.9903911910000005
2010-10-01,9.4,4.982663843
2010-11-01,9.8,4.982663843
2010-12-01,9.3,4.982663843
2011-01-01,9.1,4.973791157
2011-02-01,9.0,4.973791157
2011-03-01,9.0,4.973791157
2011-04-01,9.1,4.963749528999999
2011-05-01,9.0,4.963749528999999
2011-06-01,9.1,4.963749528999999
2011-07-01,9.0,4.95252874
2011-08-01,9.0,4.95252874
2011-09-01,9.0,4.95252874
2011-10-01,8.8,4.940132488
2011-11-01,8.6,4.940132488
2011-12-01,8.5,4.940132488
2012-01-01,8.3,4.926578709
2012-02-01,8.3,4.926578709
2012-03-01,8.2,4.926578709
2012-04-01,8.2,4.911899646
2012-05-01,8.2,4.911899646
2012-06-01,8.2,4.911899646
2012-07-01,8.2,4.89614169
2012-08-01,8.1,4.89614169
2012-09-01,7.8,4.89614169
2012-10-01,7.8,4.879364966
2012-11-01,7.7,4.879364966
2012-12-01,7.9,4.879364966
2013-01-01,8.0,4.861642687
2013-02-01,7.7,4.861642687
2013-03-01,7.5,4.861642687
2013-04-01,7.6,4.843060274
2013-05-01,7.5,4.843060274
2013-06-01,7.5,4.843060274
2013-07-01,7.3,4.823714263
2013-08-01,7.2,4.823714263
2013-09-01,7.2,4.823714263
2013-10-01,7.2,4.803711007
2013-11-01,6.9,4.803711007
2013-12-01,6.7,4.803711007
2014-01-01,6.6,4.783165204
2014-02-01,6.7,4.783165204
2014-03-01,6.7,4.783165204
2014-04-01,6.2,4.762198273
2014-05-01,6.3,4.762198273
2014-06-01,6.1,4.762198273
2014-07-01,6.2,4.740936606
2014-08-01,6.1,4.740936606
2014-09-01,5.9,4.740936606
2014-10-01,5.7,4.719509729
2014-11-01,5.8,4.719509729
2014-12-01,5.6,4.719509729
2015-01-01,5.7,4.698048397
2015-02-01,5.5,4.698048397
2015-03-01,5.4,4.698048397
2015-04-01,5.4,4.676682672
2015-05-01,5.6,4.676682672
2015-06-01,5.3,4.676682672
2015-07-01,5.2,4.655540006
2015-08-01,5.1,4.655540006
2015-09-01,5.0,4.655540006
2015-10-01,5.0,4.634743367
2015-11-01,5.1,4.634743367
2015-12-01,5.0,4.634743367
2016-01-01,4.8,4.614409445
2016-02-01,4.9,4.614409445
2016-03-01,5.0,4.614409445
2016-04-01,5.1,4.594646969
2016-05-01,4.8,4.594646969
2016-06-01,4.9,4.594646969
2016-07-01,4.8,4.575555157
2016-08-01,4.9,4.575555157
2016-09-01,5.0,4.575555157
2016-10-01,4.9,4.5572223460000005
2016-11-01,4.7,4.5572223460000005
2016-12-01,4.7,4.5572223460000005
2017-01-01,4.7,4.539724801
2017-02-01,4.6,4.539724801
2017-03-01,4.4,4.539724801
2017-04-01,4.4,4.523125741
2017-05-01,4.4,4.523125741
2017-06-01,4.3,4.523125741
2017-07-01,4.3,4.507474599
2017-08-01,4.4,4.507474599
2017-09-01,4.3,4.507474599
2017-10-01,4.2,4.492806508
2017-11-01,4.2,4.492806508
2017-12-01,4.1,4.492806508
2018-01-01,4.0,4.479142049
2018-02-01,4.1,4.479142049
2018-03-01,4.0,4.479142049
2018-04-01,4.0,4.466487238
2018-05-01,3.8,4.466487238
2018-06-01,4.0,4.466487238
2018-07-01,3.8,4.454833762
2018-08-01,3.8,4.454833762
2018-09-01,3.7,4.454833762
2018-10-01,3.8,4.444159456
2018-11-01,3.8,4.444159456
2018-12-01,3.9,4.444159456
2019-01-01,4.0,4.434429008
2019-02-01,3.8,4.434429008
2019-03-01,3.8,4.434429008
2019-04-01,3.7,4.425594874
2019-05-01,3.6,4.425594874
2019-06-01,3.6,4.425594874
2019-07-01,3.7,4.417598382
2019-08-01,3.6,4.417598382
2019-09-01,3.5,4.417598382
2019-10-01,3.6,4.410371013
2019-11-01,3.6,4.410371013
2019-12-01,3.6,4.410371013
2020-01-01,3.6,4.403835815
2020-02-01,3.5,4.403835815
2020-03-01,4.4,4.403835815
2020-04-01,14.8,4.397908937
2020-05-01,13.2,4.397908937
2020-06-01,11.0,4.397908937
2020-07-01,10.2,4.392501241000001
2020-08-01,8.4,4.392501241000001
2020-09-01,7.8,4.392501241000001
2020-10-01,6.9,4.387519967
2020-11-01,6.7,4.387519967
2020-12-01,6.7,4.387519967
2021-01-01,6.4,4.3863704210000005
2021-02-01,6.2,4.3863704210000005
2021-03-01,6.1,4.3863704210000005
2021-04-01,6.1,4.380997848
2021-05-01,5.8,4.380997848
2021-06-01,5.9,4.380997848
2021-07-01,5.4,4.375862369
2021-08-01,5.1,4.375862369
2021-09-01,4.7,4.375862369
2021-10-01,4.5,4.370967225
2021-11-01,4.1,4.370967225
2021-12-01,3.9,4.370967225
2022-01-01,4.0,4.366320029
2022-02-01,3.9,4.366320029
2022-03-01,3.7,4.366320029
2022-04-01,3.7,4.361905793
2022-05-01,3.6,4.361905793
2022-06-01,3.6,4.361905793
2022-07-01,3.5,4.357603227
2022-08-01,3.6,4.357603227
2022-09-01,3.5,4.357603227
2022-10-01,3.6,4.353270628
2022-11-01,3.6,4.353270628
2022-12-01,3.5,4.353270628
2023-01-01,3.5,4.348774995
2023-02-01,3.6,4.348774995
2023-03-01,3.5,4.348774995
2023-04-01,3.4,4.344002717
2023-05-01,3.6,4.344002717
2023-06-01,3.6,4.344002717
2023-07-01,3.5,4.338890148
2023-08-01,3.7,4.338890148
2023-09-01,3.7,4.338890148
2023-10-01,3.9,4.333393686
2023-11-01,3.7,4.333393686
2023-12-01,3.8,4.333393686
2024-01-01,3.7,4.327479745
2024-02-01,3.9,4.327479745
2024-03-01,3.9,4.327479745
2024-04-01,3.9,4.321120484
2024-05-01,3.9,4.321120484
2024-06-01,4.1,4.321120484
2024-07-01,4.2,4.322554381000001
2024-08-01,4.2,4.322554381000001
2024-09-01,4.1,4.322554381000001
2024-10-01,4.1,4.321673018
2024-11-01,4.2,4.321673018
2024-12-01,4.1,4.321673018
2025-01-01,4.0,4.320248166
2025-02-01,4.2,4.320248166
2025-03-01,4.2,4.320248166
2025-04-01,4.2,4.318227512
2025-05-01,4.3,4.318227512
2025-06-01,4.1,4.318227512
2025-07-01,4.3,4.315607994
2025-08-01,4.3,4.315607994
2025-09-01,4.4,4.315607994
2025-10-01,,4.312406028
2025-11-01,4.5,4.312406028
2025-12-01,4.4,4.312406028
2026-01-01,4.3,4.308657724
