date,PCE,PCE_YoY
1990-01-01,59.181,3.55
1990-02-01,59.468,3.79
1990-03-01,59.754,3.98
1990-04-01,59.932,3.94
1990-05-01,60.115,3.95
1990-06-01,60.349,4.07
1990-07-01,60.501,4.07
1990-08-01,60.753,4.36
1990-09-01,60.965,4.36
1990-10-01,61.172,4.33
1990-11-01,61.246,4.18
1990-12-01,61.331,4.03
1991-01-01,61.637,4.15
1991-02-01,61.807,3.93
1991-03-01,61.936,3.65
1991-04-01,62.06,3.55
1991-05-01,62.307,3.65
1991-06-01,62.442,3.47
1991-07-01,62.632,3.52
1991-08-01,62.804,3.38
1991-09-01,63.055,3.43
1991-10-01,63.194,3.31
1991-11-01,63.312,3.37
1991-12-01,63.468,3.48
1992-01-01,63.641,3.25
1992-02-01,63.814,3.25
1992-03-01,63.973,3.29
1992-04-01,64.183,3.42
1992-05-01,64.273,3.16
1992-06-01,64.323,3.01
1992-07-01,64.566,3.09
1992-08-01,64.625,2.9
1992-09-01,64.73,2.66
1992-10-01,64.979,2.82
1992-11-01,65.121,2.86
1992-12-01,65.242,2.8
1993-01-01,65.432,2.81
1993-02-01,65.557,2.73
1993-03-01,65.7,2.7
1993-04-01,65.891,2.66
1993-05-01,66.114,2.86
1993-06-01,66.177,2.88
1993-07-01,66.314,2.71
1993-08-01,66.438,2.81
1993-09-01,66.538,2.79
1993-10-01,66.647,2.57
1993-11-01,66.819,2.61
1993-12-01,66.849,2.46
1994-01-01,66.902,2.25
1994-02-01,67.047,2.27
1994-03-01,67.275,2.4
1994-04-01,67.376,2.25
1994-05-01,67.526,2.14
1994-06-01,67.676,2.27
1994-07-01,67.818,2.27
1994-08-01,67.894,2.19
1994-09-01,67.997,2.19
1994-10-01,68.157,2.27
1994-11-01,68.282,2.19
1994-12-01,68.305,2.18
1995-01-01,68.475,2.35
1995-02-01,68.587,2.3
1995-03-01,68.755,2.2
1995-04-01,68.915,2.28
1995-05-01,69.032,2.23
1995-06-01,69.092,2.09
1995-07-01,69.201,2.04
1995-08-01,69.367,2.17
1995-09-01,69.458,2.15
1995-10-01,69.627,2.16
1995-11-01,69.672,2.04
1995-12-01,69.77,2.14
1996-01-01,69.849,2.01
1996-02-01,69.94,1.97
1996-03-01,70.102,1.96
1996-04-01,70.197,1.86
1996-05-01,70.319,1.86
1996-06-01,70.373,1.85
1996-07-01,70.505,1.88
1996-08-01,70.566,1.73
1996-09-01,70.78,1.9
1996-10-01,70.948,1.9
1996-11-01,71.041,1.96
1996-12-01,71.068,1.86
1997-01-01,71.144,1.85
1997-02-01,71.29,1.93
1997-03-01,71.46,1.94
1997-04-01,71.6,2.0
1997-05-01,71.652,1.9
1997-06-01,71.758,1.97
1997-07-01,71.807,1.85
1997-08-01,71.778,1.72
1997-09-01,71.927,1.62
1997-10-01,72.036,1.53
1997-11-01,72.058,1.43
1997-12-01,72.1,1.45
1998-01-01,72.21,1.5
1998-02-01,72.272,1.38
1998-03-01,72.349,1.24
1998-04-01,72.482,1.23
1998-05-01,72.552,1.26
1998-06-01,72.461,0.98
1998-07-01,72.665,1.19
1998-08-01,72.807,1.43
1998-09-01,72.795,1.21
1998-10-01,72.937,1.25
1998-11-01,72.95,1.24
1998-12-01,73.076,1.35
1999-01-01,73.18,1.34
1999-02-01,73.155,1.22
1999-03-01,73.177,1.14
1999-04-01,73.365,1.22
1999-05-01,73.435,1.22
1999-06-01,73.474,1.4
1999-07-01,73.606,1.29
1999-08-01,73.642,1.15
1999-09-01,73.837,1.43
1999-10-01,73.963,1.41
1999-11-01,74.034,1.49
1999-12-01,74.128,1.44
2000-01-01,74.306,1.54
2000-02-01,74.415,1.72
2000-03-01,74.568,1.9
2000-04-01,74.617,1.71
2000-05-01,74.697,1.72
2000-06-01,74.754,1.74
2000-07-01,74.925,1.79
2000-08-01,75.021,1.87
2000-09-01,75.203,1.85
2000-10-01,75.308,1.82
2000-11-01,75.441,1.9
2000-12-01,75.515,1.87
2001-01-01,75.796,2.01
2001-02-01,75.93,2.04
2001-03-01,76.009,1.93
2001-04-01,76.13,2.03
2001-05-01,76.148,1.94
2001-06-01,76.318,2.09
2001-07-01,76.515,2.12
2001-08-01,76.553,2.04
2001-09-01,76.118,1.22
2001-10-01,76.654,1.79
2001-11-01,76.81,1.81
2001-12-01,76.828,1.74
2002-01-01,76.871,1.42
2002-02-01,77.018,1.43
2002-03-01,77.11,1.45
2002-04-01,77.325,1.57
2002-05-01,77.411,1.66
2002-06-01,77.534,1.59
2002-07-01,77.692,1.54
2002-08-01,77.845,1.69
2002-09-01,77.972,2.44
2002-10-01,78.038,1.81
2002-11-01,78.114,1.7
2002-12-01,78.187,1.77
2003-01-01,78.24,1.78
2003-02-01,78.348,1.73
2003-03-01,78.474,1.77
2003-04-01,78.561,1.6
2003-05-01,78.674,1.63
2003-06-01,78.718,1.53
2003-07-01,78.915,1.57
2003-08-01,79.004,1.49
2003-09-01,79.114,1.46
2003-10-01,79.26,1.57
2003-11-01,79.368,1.61
2003-12-01,79.467,1.64
2004-01-01,79.671,1.83
2004-02-01,79.8,1.85
2004-03-01,79.934,1.86
2004-04-01,80.142,2.01
2004-05-01,80.252,2.01
2004-06-01,80.379,2.11
2004-07-01,80.474,1.98
2004-08-01,80.505,1.9
2004-09-01,80.656,1.95
2004-10-01,80.831,1.98
2004-11-01,81.005,2.06
2004-12-01,81.109,2.07
2005-01-01,81.401,2.17
2005-02-01,81.536,2.18
2005-03-01,81.737,2.26
2005-04-01,81.831,2.11
2005-05-01,81.999,2.18
2005-06-01,82.056,2.09
2005-07-01,82.176,2.11
2005-08-01,82.243,2.16
2005-09-01,82.425,2.19
2005-10-01,82.662,2.27
2005-11-01,82.873,2.31
2005-12-01,82.959,2.28
2006-01-01,83.145,2.14
2006-02-01,83.279,2.14
2006-03-01,83.509,2.17
2006-04-01,83.764,2.36
2006-05-01,83.974,2.41
2006-06-01,84.186,2.6
2006-07-01,84.268,2.55
2006-08-01,84.44,2.67
2006-09-01,84.573,2.61
2006-10-01,84.726,2.5
2006-11-01,84.766,2.28
2006-12-01,84.88,2.32
2007-01-01,85.224,2.5
2007-02-01,85.408,2.56
2007-03-01,85.494,2.38
2007-04-01,85.616,2.21
2007-05-01,85.717,2.08
2007-06-01,85.859,1.99
2007-07-01,85.988,2.04
2007-08-01,86.116,1.98
2007-09-01,86.351,2.1
2007-10-01,86.576,2.18
2007-11-01,86.746,2.34
2007-12-01,86.92,2.4
2008-01-01,87.093,2.19
2008-02-01,87.178,2.07
2008-03-01,87.349,2.17
2008-04-01,87.4,2.08
2008-05-01,87.559,2.15
2008-06-01,87.76,2.21
2008-07-01,87.918,2.24
2008-08-01,88.026,2.22
2008-09-01,88.116,2.04
2008-10-01,87.991,1.63
2008-11-01,87.952,1.39
2008-12-01,87.909,1.14
2009-01-01,87.882,0.91
2009-02-01,87.952,0.89
2009-03-01,88.015,0.76
2009-04-01,88.211,0.93
2009-05-01,88.279,0.82
2009-06-01,88.392,0.72
2009-07-01,88.468,0.63
2009-08-01,88.599,0.65
2009-09-01,88.755,0.73
2009-10-01,89.082,1.24
2009-11-01,89.16,1.37
2009-12-01,89.236,1.51
2010-01-01,89.368,1.69
2010-02-01,89.446,1.7
2010-03-01,89.579,1.78
2010-04-01,89.625,1.6
2010-05-01,89.724,1.64
2010-06-01,89.767,1.56
2010-07-01,89.769,1.47
2010-08-01,89.855,1.42
2010-09-01,89.906,1.3
2010-10-01,90.043,1.08
2010-11-01,90.16,1.12
2010-12-01,90.179,1.06
2011-01-01,90.372,1.12
2011-02-01,90.53,1.21
2011-03-01,90.667,1.21
2011-04-01,90.875,1.39
2011-05-01,91.091,1.52
2011-06-01,91.191,1.59
2011-07-01,91.326,1.73
2011-08-01,91.508,1.84
2011-09-01,91.57,1.85
2011-10-01,91.614,1.74
2011-11-01,91.808,1.83
2011-12-01,91.96,1.97
2012-01-01,92.235,2.06
2012-02-01,92.364,2.03
2012-03-01,92.521,2.04
2012-04-01,92.661,1.97
2012-05-01,92.755,1.83
2012-06-01,92.85,1.82
2012-07-01,92.946,1.77
2012-08-01,93.005,1.64
2012-09-01,93.119,1.69
2012-10-01,93.345,1.89
2012-11-01,93.445,1.78
2012-12-01,93.514,1.69
2013-01-01,93.703,1.59
2013-02-01,93.805,1.56
2013-03-01,93.891,1.48
2013-04-01,93.937,1.38
2013-05-01,94.047,1.39
2013-06-01,94.209,1.46
2013-07-01,94.329,1.49
2013-08-01,94.431,1.53
2013-09-01,94.543,1.53
2013-10-01,94.703,1.45
2013-11-01,94.86,1.51
2013-12-01,94.961,1.55
2014-01-01,95.064,1.45
2014-02-01,95.109,1.39
2014-03-01,95.25,1.45
2014-04-01,95.413,1.57
2014-05-01,95.574,1.62
2014-06-01,95.682,1.56
2014-07-01,95.848,1.61
2014-08-01,95.885,1.54
2014-09-01,96.013,1.55
2014-10-01,96.096,1.47
2014-11-01,96.181,1.39
2014-12-01,96.249,1.36
2015-01-01,96.214,1.21
2015-02-01,96.324,1.28
2015-03-01,96.47,1.28
2015-04-01,96.648,1.29
2015-05-01,96.766,1.25
2015-06-01,96.882,1.25
2015-07-01,96.978,1.18
2015-08-01,97.056,1.22
2015-09-01,97.196,1.23
2015-10-01,97.228,1.18
2015-11-01,97.332,1.2
2015-12-01,97.396,1.19
2016-01-01,97.567,1.41
2016-02-01,97.736,1.47
2016-03-01,97.876,1.46
2016-04-01,98.117,1.52
2016-05-01,98.284,1.57
2016-06-01,98.386,1.55
2016-07-01,98.529,1.6
2016-08-01,98.703,1.7
2016-09-01,98.834,1.69
2016-10-01,98.961,1.78
2016-11-01,99.005,1.72
2016-12-01,99.12,1.77
2017-01-01,99.385,1.86
2017-02-01,99.561,1.87
2017-03-01,99.519,1.68
2017-04-01,99.723,1.64
2017-05-01,99.803,1.55
2017-06-01,99.937,1.58
2017-07-01,100.01,1.5
2017-08-01,100.118,1.43
2017-09-01,100.24,1.42
2017-10-01,100.486,1.54
2017-11-01,100.535,1.55
2017-12-01,100.683,1.58
2018-01-01,101.007,1.63
2018-02-01,101.198,1.64
2018-03-01,101.419,1.91
2018-04-01,101.602,1.88
2018-05-01,101.78,1.98
2018-06-01,101.872,1.94
2018-07-01,102.006,2.0
2018-08-01,102.016,1.9
2018-09-01,102.205,1.96
2018-10-01,102.366,1.87
2018-11-01,102.556,2.01
2018-12-01,102.735,2.04
2019-01-01,102.87,1.84
2019-02-01,102.963,1.74
2019-03-01,103.058,1.62
2019-04-01,103.265,1.64
2019-05-01,103.371,1.56
2019-06-01,103.56,1.66
2019-07-01,103.678,1.64
2019-08-01,103.797,1.75
2019-09-01,103.873,1.63
2019-10-01,104.028,1.62
2019-11-01,104.092,1.5
2019-12-01,104.322,1.54
2020-01-01,104.507,1.59
2020-02-01,104.711,1.7
2020-03-01,104.632,1.53
2020-04-01,104.293,1.0
2020-05-01,104.402,1.0
2020-06-01,104.565,0.97
2020-07-01,104.937,1.21
2020-08-01,105.243,1.39
2020-09-01,105.41,1.48
2020-10-01,105.507,1.42
2020-11-01,105.605,1.45
2020-12-01,105.896,1.51
2021-01-01,106.281,1.7
2021-02-01,106.501,1.71
2021-03-01,106.933,2.2
2021-04-01,107.558,3.13
2021-05-01,108.099,3.54
2021-06-01,108.603,3.86
2021-07-01,109.058,3.93
2021-08-01,109.409,3.96
2021-09-01,109.641,4.01
2021-10-01,110.188,4.44
2021-11-01,110.77,4.89
2021-12-01,111.418,5.21
2022-01-01,111.976,5.36
2022-02-01,112.468,5.6
2022-03-01,112.914,5.59
2022-04-01,113.307,5.35
2022-05-01,113.703,5.18
2022-06-01,114.376,5.32
2022-07-01,114.628,5.11
2022-08-01,115.276,5.36
2022-09-01,115.788,5.61
2022-10-01,116.204,5.46
2022-11-01,116.539,5.21
2022-12-01,116.952,4.97
2023-01-01,117.505,4.94
2023-02-01,117.929,4.86
2023-03-01,118.315,4.78
2023-04-01,118.734,4.79
2023-05-01,119.083,4.73
2023-06-01,119.39,4.38
2023-07-01,119.556,4.3
2023-08-01,119.689,3.83
2023-09-01,120.058,3.69
2023-10-01,120.241,3.47
2023-11-01,120.374,3.29
2023-12-01,120.592,3.11
2024-01-01,121.217,3.16
2024-02-01,121.537,3.06
2024-03-01,122.009,3.12
2024-04-01,122.304,3.01
2024-05-01,122.383,2.77
2024-06-01,122.677,2.75
2024-07-01,122.911,2.81
2024-08-01,123.128,2.87
2024-09-01,123.466,2.84
2024-10-01,123.832,2.99
2024-11-01,123.962,2.98
2024-12-01,124.196,2.99
2025-01-01,124.587,2.78
2025-02-01,125.145,2.97
2025-03-01,125.267,2.67
2025-04-01,125.502,2.61
2025-05-01,125.79,2.78
2025-06-01,126.121,2.81
2025-07-01,126.43,2.86
2025-08-01,126.714,2.91
2025-09-01,126.954,2.83
2025-10-01,127.218,2.73
2025-11-01,127.422,2.79
